File_accession	File_format	File_type	File_format_type	Output_type	File_assembly	Experiment_accession	Assay	Donor(s)	Biosample_term_id	Biosample_term_name	Biosample_type	Biosample_organism	Biosample_treatments	Biosample_treatments_amount	Biosample_treatments_duration	Biosample_genetic_modifications_methods	Biosample_genetic_modifications_categories	Biosample_genetic_modifications_targets	Biosample_genetic_modifications_gene_targets	Biosample_genetic_modifications_site_coordinates	Biosample_genetic_modifications_zygosity	Experiment_target	Library_made_from	Library_depleted_in	Library_extraction_method	Library_lysis_method	Library_crosslinking_method	Library_strand_specific	Experiment_date_released	Project	RBNS_protein_concentration	Library_fragmentation_method	Library_size_range	Biological_replicate(s)	Technical_replicate(s)	Read_length	Mapped_read_length	Run_type	Paired_end	Paired_with	Index_of	Derived_from	Size	Lab	md5sum	dbxrefs	File_download_URL	Genome_annotation	Platform	Controlled_by	File_Status	s3_uri	Azure_URL	File_analysis_title	File_analysis_status	Audit_WARNING	Audit_NOT_COMPLIANT	Audit_ERROR
ENCFF977LBD	bigBed_narrowPeak	bigBed	narrowPeak	pseudoreplicated_peaks	GRCh38	ENCSR204OJS	Histone_ChIP-seq	/human-donors/ENCDO451RUA/	UBERON:0000945	stomach	tissue	Homo_sapiens										H3K27ac-human	DNA						2019-02-12	ENCODE		sonication_(generic)	200-600	1	1_1,_1_2							/files/ENCFF736SWI/	2978365	ENCODE_Processing_Pipeline	be29636550527e36c4755ea036531e75		https://www.encodeproject.org/files/ENCFF977LBD/@@download/ENCFF977LBD.bigBed				released	s3://encode-public/2020/09/24/ccedd6a3-f35d-4bdc-b1b6-bc22b11d67d7/ENCFF977LBD.bigBed	https://datasetencode.blob.core.windows.net/dataset/2020/09/24/ccedd6a3-f35d-4bdc-b1b6-bc22b11d67d7/ENCFF977LBD.bigBed?sv=2019-10-10&si=prod&sr=c&sig=9qSQZo4ggrCNpybBExU8SypuUZV33igI11xw0P7rB3c%3D	ENCODE4_v1.5.1_GRCh38	released			
ENCFF430NDH	bigWig	bigWig		signal_p-value	GRCh38	ENCSR204OJS	Histone_ChIP-seq	/human-donors/ENCDO451RUA/	UBERON:0000945	stomach	tissue	Homo_sapiens										H3K27ac-human	DNA						2019-02-12	ENCODE		sonication_(generic)	200-600	1	1_1,_1_2							/files/ENCFF781VZS/,_/files/ENCFF829IOW/	1387085180	ENCODE_Processing_Pipeline	658ff6bf4997aac54220b24a7665e765		https://www.encodeproject.org/files/ENCFF430NDH/@@download/ENCFF430NDH.bigWig				released	s3://encode-public/2020/09/24/cae62ede-37cd-4e97-bed5-1c81b45d966c/ENCFF430NDH.bigWig	https://datasetencode.blob.core.windows.net/dataset/2020/09/24/cae62ede-37cd-4e97-bed5-1c81b45d966c/ENCFF430NDH.bigWig?sv=2019-10-10&si=prod&sr=c&sig=9qSQZo4ggrCNpybBExU8SypuUZV33igI11xw0P7rB3c%3D	ENCODE4_v1.5.1_GRCh38	released			
ENCFF493RLF	bigWig	bigWig		fold_change_over_control	GRCh38	ENCSR204OJS	Histone_ChIP-seq	/human-donors/ENCDO451RUA/	UBERON:0000945	stomach	tissue	Homo_sapiens										H3K27ac-human	DNA						2019-02-12	ENCODE		sonication_(generic)	200-600	1	1_1,_1_2							/files/ENCFF781VZS/,_/files/ENCFF829IOW/	1522764758	ENCODE_Processing_Pipeline	bffd12d9d4e0c7b659efbed8fe870fff		https://www.encodeproject.org/files/ENCFF493RLF/@@download/ENCFF493RLF.bigWig				released	s3://encode-public/2020/09/24/6b6a5cdc-8800-4177-8972-60d2ad944130/ENCFF493RLF.bigWig	https://datasetencode.blob.core.windows.net/dataset/2020/09/24/6b6a5cdc-8800-4177-8972-60d2ad944130/ENCFF493RLF.bigWig?sv=2019-10-10&si=prod&sr=c&sig=9qSQZo4ggrCNpybBExU8SypuUZV33igI11xw0P7rB3c%3D	ENCODE4_v1.5.1_GRCh38	released			
ENCFF736SWI	bed_narrowPeak	bed	narrowPeak	pseudoreplicated_peaks	GRCh38	ENCSR204OJS	Histone_ChIP-seq	/human-donors/ENCDO451RUA/	UBERON:0000945	stomach	tissue	Homo_sapiens										H3K27ac-human	DNA						2019-02-12	ENCODE		sonication_(generic)	200-600	1	1_1,_1_2							/files/ENCFF356LFX/,_/files/ENCFF781VZS/,_/files/ENCFF829IOW/	1453886	ENCODE_Processing_Pipeline	d4b233381574b2e8ee266c9d9211f2ea		https://www.encodeproject.org/files/ENCFF736SWI/@@download/ENCFF736SWI.bed.gz				released	s3://encode-public/2020/09/24/704105bd-f0bc-43eb-8c13-8fd24672ac7d/ENCFF736SWI.bed.gz	https://datasetencode.blob.core.windows.net/dataset/2020/09/24/704105bd-f0bc-43eb-8c13-8fd24672ac7d/ENCFF736SWI.bed.gz?sv=2019-10-10&si=prod&sr=c&sig=9qSQZo4ggrCNpybBExU8SypuUZV33igI11xw0P7rB3c%3D	ENCODE4_v1.5.1_GRCh38	released			
ENCFF053CBZ	fastq	fastq		reads		ENCSR204OJS	Histone_ChIP-seq	/human-donors/ENCDO451RUA/	UBERON:0000945	stomach	tissue	Homo_sapiens										H3K27ac-human	DNA						2019-02-12	ENCODE		sonication_(generic)	200-600	1	1_2	76		single-ended					625520092	Bradley_Bernstein,_Broad	8f1c71f253d96e0129a21a6234137740	SRA:SRR10837586	https://www.encodeproject.org/files/ENCFF053CBZ/@@download/ENCFF053CBZ.fastq.gz		Illumina_HiSeq_2500		released	s3://encode-public/2019/01/28/8d765845-9284-4be1-a285-86a405bbffd4/ENCFF053CBZ.fastq.gz	https://datasetencode.blob.core.windows.net/dataset/2019/01/28/8d765845-9284-4be1-a285-86a405bbffd4/ENCFF053CBZ.fastq.gz?sv=2019-10-10&si=prod&sr=c&sig=9qSQZo4ggrCNpybBExU8SypuUZV33igI11xw0P7rB3c%3D			missing_controlled_by		
ENCFF394YBR	fastq	fastq		reads		ENCSR204OJS	Histone_ChIP-seq	/human-donors/ENCDO451RUA/	UBERON:0000945	stomach	tissue	Homo_sapiens										H3K27ac-human	DNA						2019-02-12	ENCODE		sonication_(generic)	200-600	1	1_2	76		single-ended					261248980	Bradley_Bernstein,_Broad	bbd62d0b2477bd985f057889ea1c54e7	SRA:SRR10837587	https://www.encodeproject.org/files/ENCFF394YBR/@@download/ENCFF394YBR.fastq.gz		Illumina_HiSeq_2500		released	s3://encode-public/2019/01/28/da8740fd-7520-4d34-8120-397607be571d/ENCFF394YBR.fastq.gz	https://datasetencode.blob.core.windows.net/dataset/2019/01/28/da8740fd-7520-4d34-8120-397607be571d/ENCFF394YBR.fastq.gz?sv=2019-10-10&si=prod&sr=c&sig=9qSQZo4ggrCNpybBExU8SypuUZV33igI11xw0P7rB3c%3D			missing_controlled_by		
ENCFF765XNJ	fastq	fastq		reads		ENCSR204OJS	Histone_ChIP-seq	/human-donors/ENCDO451RUA/	UBERON:0000945	stomach	tissue	Homo_sapiens										H3K27ac-human	DNA						2019-02-12	ENCODE		sonication_(generic)	200-600	1	1_2	76		single-ended					640953373	Bradley_Bernstein,_Broad	2b5bf4455442568ec00ec03174d7ca74	SRA:SRR10837588	https://www.encodeproject.org/files/ENCFF765XNJ/@@download/ENCFF765XNJ.fastq.gz		Illumina_HiSeq_2500		released	s3://encode-public/2019/01/28/9bb554d5-0182-4b42-9f81-87035f02b75a/ENCFF765XNJ.fastq.gz	https://datasetencode.blob.core.windows.net/dataset/2019/01/28/9bb554d5-0182-4b42-9f81-87035f02b75a/ENCFF765XNJ.fastq.gz?sv=2019-10-10&si=prod&sr=c&sig=9qSQZo4ggrCNpybBExU8SypuUZV33igI11xw0P7rB3c%3D			missing_controlled_by		
ENCFF303NHQ	fastq	fastq		reads		ENCSR204OJS	Histone_ChIP-seq	/human-donors/ENCDO451RUA/	UBERON:0000945	stomach	tissue	Homo_sapiens										H3K27ac-human	DNA						2019-02-12	ENCODE		sonication_(generic)	200-600	1	1_2	76		single-ended					264288432	Bradley_Bernstein,_Broad	455ad64b4da9aea8824b909a4411a5bb	SRA:SRR10837589	https://www.encodeproject.org/files/ENCFF303NHQ/@@download/ENCFF303NHQ.fastq.gz		Illumina_HiSeq_2500		released	s3://encode-public/2019/01/28/fcb2885f-ce79-47e0-9cf7-67931471d879/ENCFF303NHQ.fastq.gz	https://datasetencode.blob.core.windows.net/dataset/2019/01/28/fcb2885f-ce79-47e0-9cf7-67931471d879/ENCFF303NHQ.fastq.gz?sv=2019-10-10&si=prod&sr=c&sig=9qSQZo4ggrCNpybBExU8SypuUZV33igI11xw0P7rB3c%3D			missing_controlled_by		
ENCFF710FQT	bam	bam		alignments	hg19	ENCSR204OJS	Histone_ChIP-seq	/human-donors/ENCDO451RUA/	UBERON:0000945	stomach	tissue	Homo_sapiens										H3K27ac-human	DNA						2019-02-12	ENCODE		sonication_(generic)	200-600	1	1_1,_1_2		76					/files/ENCFF303NHQ/,_/files/ENCFF564PES/,_/files/ENCFF765XNJ/,_/files/ENCFF807MUK/,_/files/ENCFF851QYW/,_/files/ENCFF394YBR/,_/files/ENCFF053CBZ/	3091101451	ENCODE_Processing_Pipeline	308836dd678ebe3702d4cd8316c8dbc7		https://www.encodeproject.org/files/ENCFF710FQT/@@download/ENCFF710FQT.bam				released	s3://encode-public/2019/02/09/d6780c3f-6a8a-4177-964b-40a4a5677b0b/ENCFF710FQT.bam	https://datasetencode.blob.core.windows.net/dataset/2019/02/09/d6780c3f-6a8a-4177-964b-40a4a5677b0b/ENCFF710FQT.bam?sv=2019-10-10&si=prod&sr=c&sig=9qSQZo4ggrCNpybBExU8SypuUZV33igI11xw0P7rB3c%3D	ENCODE3_hg19	archived			
ENCFF636ACK	bam	bam		alignments	GRCh38	ENCSR204OJS	Histone_ChIP-seq	/human-donors/ENCDO451RUA/	UBERON:0000945	stomach	tissue	Homo_sapiens										H3K27ac-human	DNA						2019-02-12	ENCODE		sonication_(generic)	200-600	1	1_1,_1_2		76					/files/ENCFF303NHQ/,_/files/ENCFF564PES/,_/files/ENCFF765XNJ/,_/files/ENCFF643CGH/,_/files/ENCFF851QYW/,_/files/ENCFF394YBR/,_/files/ENCFF053CBZ/	3093664437	ENCODE_Processing_Pipeline	ada30ad9b45617656acaf486ef5cdb2b		https://www.encodeproject.org/files/ENCFF636ACK/@@download/ENCFF636ACK.bam				released	s3://encode-public/2019/02/09/ab66abbc-3309-4b32-a3a7-55d75ba8ea42/ENCFF636ACK.bam	https://datasetencode.blob.core.windows.net/dataset/2019/02/09/ab66abbc-3309-4b32-a3a7-55d75ba8ea42/ENCFF636ACK.bam?sv=2019-10-10&si=prod&sr=c&sig=9qSQZo4ggrCNpybBExU8SypuUZV33igI11xw0P7rB3c%3D	ENCODE3_GRCh38	archived			
ENCFF824THT	bam	bam		unfiltered_alignments	hg19	ENCSR204OJS	Histone_ChIP-seq	/human-donors/ENCDO451RUA/	UBERON:0000945	stomach	tissue	Homo_sapiens										H3K27ac-human	DNA						2019-02-12	ENCODE		sonication_(generic)	200-600	1	1_1,_1_2		76					/files/ENCFF303NHQ/,_/files/ENCFF564PES/,_/files/ENCFF765XNJ/,_/files/ENCFF807MUK/,_/files/ENCFF851QYW/,_/files/ENCFF394YBR/,_/files/ENCFF053CBZ/	3643357591	ENCODE_Processing_Pipeline	18ddc985d18cc73d4f7a9d4d39c9d4d3		https://www.encodeproject.org/files/ENCFF824THT/@@download/ENCFF824THT.bam				released	s3://encode-public/2019/02/09/9c908d30-7e6f-4c03-87fc-4a10289ae369/ENCFF824THT.bam	https://datasetencode.blob.core.windows.net/dataset/2019/02/09/9c908d30-7e6f-4c03-87fc-4a10289ae369/ENCFF824THT.bam?sv=2019-10-10&si=prod&sr=c&sig=9qSQZo4ggrCNpybBExU8SypuUZV33igI11xw0P7rB3c%3D	ENCODE3_hg19	archived			
ENCFF743CXT	bam	bam		unfiltered_alignments	GRCh38	ENCSR204OJS	Histone_ChIP-seq	/human-donors/ENCDO451RUA/	UBERON:0000945	stomach	tissue	Homo_sapiens										H3K27ac-human	DNA						2019-02-12	ENCODE		sonication_(generic)	200-600	1	1_1,_1_2		76					/files/ENCFF303NHQ/,_/files/ENCFF564PES/,_/files/ENCFF765XNJ/,_/files/ENCFF643CGH/,_/files/ENCFF851QYW/,_/files/ENCFF394YBR/,_/files/ENCFF053CBZ/	3650841506	ENCODE_Processing_Pipeline	d871224c59313a51549edee663844869		https://www.encodeproject.org/files/ENCFF743CXT/@@download/ENCFF743CXT.bam				released	s3://encode-public/2019/02/09/6b763a2d-074a-406c-b44a-ca58dea74279/ENCFF743CXT.bam	https://datasetencode.blob.core.windows.net/dataset/2019/02/09/6b763a2d-074a-406c-b44a-ca58dea74279/ENCFF743CXT.bam?sv=2019-10-10&si=prod&sr=c&sig=9qSQZo4ggrCNpybBExU8SypuUZV33igI11xw0P7rB3c%3D	ENCODE3_GRCh38	archived			
ENCFF876PGA	bed_narrowPeak	bed	narrowPeak	peaks	hg19	ENCSR204OJS	Histone_ChIP-seq	/human-donors/ENCDO451RUA/	UBERON:0000945	stomach	tissue	Homo_sapiens										H3K27ac-human	DNA						2019-02-12	ENCODE		sonication_(generic)	200-600	1	1_1,_1_2							/files/ENCFF522TUC/,_/files/ENCFF710FQT/	1808697	ENCODE_Processing_Pipeline	cbfa4ede26d673ef9db4b4fd6de8ad8a		https://www.encodeproject.org/files/ENCFF876PGA/@@download/ENCFF876PGA.bed.gz				released	s3://encode-public/2019/02/11/6a427348-51bb-4182-9dcc-82c8674232e8/ENCFF876PGA.bed.gz	https://datasetencode.blob.core.windows.net/dataset/2019/02/11/6a427348-51bb-4182-9dcc-82c8674232e8/ENCFF876PGA.bed.gz?sv=2019-10-10&si=prod&sr=c&sig=9qSQZo4ggrCNpybBExU8SypuUZV33igI11xw0P7rB3c%3D	ENCODE3_hg19	archived			
ENCFF201TBJ	bigBed_narrowPeak	bigBed	narrowPeak	peaks	GRCh38	ENCSR204OJS	Histone_ChIP-seq	/human-donors/ENCDO451RUA/	UBERON:0000945	stomach	tissue	Homo_sapiens										H3K27ac-human	DNA						2019-02-12	ENCODE		sonication_(generic)	200-600	1	1_1,_1_2							/files/ENCFF793DJY/	4821409	ENCODE_Processing_Pipeline	d937a7a21d71b817b65821a66529a3f0		https://www.encodeproject.org/files/ENCFF201TBJ/@@download/ENCFF201TBJ.bigBed				released	s3://encode-public/2019/02/11/b6671efe-6cc1-4c6e-8aee-660844cfcd69/ENCFF201TBJ.bigBed	https://datasetencode.blob.core.windows.net/dataset/2019/02/11/b6671efe-6cc1-4c6e-8aee-660844cfcd69/ENCFF201TBJ.bigBed?sv=2019-10-10&si=prod&sr=c&sig=9qSQZo4ggrCNpybBExU8SypuUZV33igI11xw0P7rB3c%3D	ENCODE3_GRCh38	archived			
ENCFF793DJY	bed_narrowPeak	bed	narrowPeak	peaks	GRCh38	ENCSR204OJS	Histone_ChIP-seq	/human-donors/ENCDO451RUA/	UBERON:0000945	stomach	tissue	Homo_sapiens										H3K27ac-human	DNA						2019-02-12	ENCODE		sonication_(generic)	200-600	1	1_1,_1_2							/files/ENCFF808COP/,_/files/ENCFF636ACK/	1808354	ENCODE_Processing_Pipeline	585842fd79f87ae30b05041e7940e846		https://www.encodeproject.org/files/ENCFF793DJY/@@download/ENCFF793DJY.bed.gz				released	s3://encode-public/2019/02/11/41e41133-fd88-4f33-bba4-2c478a6c4e4f/ENCFF793DJY.bed.gz	https://datasetencode.blob.core.windows.net/dataset/2019/02/11/41e41133-fd88-4f33-bba4-2c478a6c4e4f/ENCFF793DJY.bed.gz?sv=2019-10-10&si=prod&sr=c&sig=9qSQZo4ggrCNpybBExU8SypuUZV33igI11xw0P7rB3c%3D	ENCODE3_GRCh38	archived			
ENCFF058UTH	bigBed_narrowPeak	bigBed	narrowPeak	peaks	hg19	ENCSR204OJS	Histone_ChIP-seq	/human-donors/ENCDO451RUA/	UBERON:0000945	stomach	tissue	Homo_sapiens										H3K27ac-human	DNA						2019-02-12	ENCODE		sonication_(generic)	200-600	1	1_1,_1_2							/files/ENCFF876PGA/	4818838	ENCODE_Processing_Pipeline	ab3ec4ce9f5995ac83df0cb80a8eca58		https://www.encodeproject.org/files/ENCFF058UTH/@@download/ENCFF058UTH.bigBed				released	s3://encode-public/2019/02/11/8f8a2ffd-f973-4c2d-aab7-a14930cd852e/ENCFF058UTH.bigBed	https://datasetencode.blob.core.windows.net/dataset/2019/02/11/8f8a2ffd-f973-4c2d-aab7-a14930cd852e/ENCFF058UTH.bigBed?sv=2019-10-10&si=prod&sr=c&sig=9qSQZo4ggrCNpybBExU8SypuUZV33igI11xw0P7rB3c%3D	ENCODE3_hg19	archived			
ENCFF284ZSX	bigWig	bigWig		signal_p-value	GRCh38	ENCSR204OJS	Histone_ChIP-seq	/human-donors/ENCDO451RUA/	UBERON:0000945	stomach	tissue	Homo_sapiens										H3K27ac-human	DNA						2019-02-12	ENCODE		sonication_(generic)	200-600	1	1_1,_1_2							/files/ENCFF808COP/,_/files/ENCFF636ACK/	1349706741	ENCODE_Processing_Pipeline	74f597ccdcd0b4996e5eedbc3e9d96ec		https://www.encodeproject.org/files/ENCFF284ZSX/@@download/ENCFF284ZSX.bigWig				released	s3://encode-public/2019/02/11/ece4279e-f783-47aa-a9aa-c371754b54d1/ENCFF284ZSX.bigWig	https://datasetencode.blob.core.windows.net/dataset/2019/02/11/ece4279e-f783-47aa-a9aa-c371754b54d1/ENCFF284ZSX.bigWig?sv=2019-10-10&si=prod&sr=c&sig=9qSQZo4ggrCNpybBExU8SypuUZV33igI11xw0P7rB3c%3D	ENCODE3_GRCh38	archived			
ENCFF241NFR	bigWig	bigWig		signal_p-value	hg19	ENCSR204OJS	Histone_ChIP-seq	/human-donors/ENCDO451RUA/	UBERON:0000945	stomach	tissue	Homo_sapiens										H3K27ac-human	DNA						2019-02-12	ENCODE		sonication_(generic)	200-600	1	1_1,_1_2							/files/ENCFF522TUC/,_/files/ENCFF710FQT/	1625720714	ENCODE_Processing_Pipeline	2b9ec4836440820b282b82f7b558186c		https://www.encodeproject.org/files/ENCFF241NFR/@@download/ENCFF241NFR.bigWig				released	s3://encode-public/2019/02/11/8affb2a9-771b-425c-9868-e6a23f561105/ENCFF241NFR.bigWig	https://datasetencode.blob.core.windows.net/dataset/2019/02/11/8affb2a9-771b-425c-9868-e6a23f561105/ENCFF241NFR.bigWig?sv=2019-10-10&si=prod&sr=c&sig=9qSQZo4ggrCNpybBExU8SypuUZV33igI11xw0P7rB3c%3D	ENCODE3_hg19	archived			
ENCFF259VRN	bigWig	bigWig		fold_change_over_control	GRCh38	ENCSR204OJS	Histone_ChIP-seq	/human-donors/ENCDO451RUA/	UBERON:0000945	stomach	tissue	Homo_sapiens										H3K27ac-human	DNA						2019-02-12	ENCODE		sonication_(generic)	200-600	1	1_1,_1_2							/files/ENCFF808COP/,_/files/ENCFF636ACK/	1533015222	ENCODE_Processing_Pipeline	cc9adf5ee7fc61923e12b2e90b1b59dd		https://www.encodeproject.org/files/ENCFF259VRN/@@download/ENCFF259VRN.bigWig				released	s3://encode-public/2019/02/11/58075b7f-a120-49ec-abd0-14dd2481bf9e/ENCFF259VRN.bigWig	https://datasetencode.blob.core.windows.net/dataset/2019/02/11/58075b7f-a120-49ec-abd0-14dd2481bf9e/ENCFF259VRN.bigWig?sv=2019-10-10&si=prod&sr=c&sig=9qSQZo4ggrCNpybBExU8SypuUZV33igI11xw0P7rB3c%3D	ENCODE3_GRCh38	archived			
ENCFF270YSJ	bed_narrowPeak	bed	narrowPeak	pseudoreplicated_peaks	GRCh38	ENCSR204OJS	Histone_ChIP-seq	/human-donors/ENCDO451RUA/	UBERON:0000945	stomach	tissue	Homo_sapiens										H3K27ac-human	DNA						2019-02-12	ENCODE		sonication_(generic)	200-600	1	1_1,_1_2							/files/ENCFF793DJY/	1456561	ENCODE_Processing_Pipeline	b88d4374f072ced0455faa607e63501c		https://www.encodeproject.org/files/ENCFF270YSJ/@@download/ENCFF270YSJ.bed.gz				released	s3://encode-public/2019/02/11/3c39593f-39f7-413f-a765-7fea38e3124c/ENCFF270YSJ.bed.gz	https://datasetencode.blob.core.windows.net/dataset/2019/02/11/3c39593f-39f7-413f-a765-7fea38e3124c/ENCFF270YSJ.bed.gz?sv=2019-10-10&si=prod&sr=c&sig=9qSQZo4ggrCNpybBExU8SypuUZV33igI11xw0P7rB3c%3D	ENCODE3_GRCh38	archived			
ENCFF932GIV	bigBed_narrowPeak	bigBed	narrowPeak	pseudoreplicated_peaks	GRCh38	ENCSR204OJS	Histone_ChIP-seq	/human-donors/ENCDO451RUA/	UBERON:0000945	stomach	tissue	Homo_sapiens										H3K27ac-human	DNA						2019-02-12	ENCODE		sonication_(generic)	200-600	1	1_1,_1_2							/files/ENCFF270YSJ/	2973622	ENCODE_Processing_Pipeline	bd0e4fb32885bd11d872e8cda271fb0f		https://www.encodeproject.org/files/ENCFF932GIV/@@download/ENCFF932GIV.bigBed				released	s3://encode-public/2019/02/11/2a8e23b6-a13e-445c-a3c1-0992c9968b64/ENCFF932GIV.bigBed	https://datasetencode.blob.core.windows.net/dataset/2019/02/11/2a8e23b6-a13e-445c-a3c1-0992c9968b64/ENCFF932GIV.bigBed?sv=2019-10-10&si=prod&sr=c&sig=9qSQZo4ggrCNpybBExU8SypuUZV33igI11xw0P7rB3c%3D	ENCODE3_GRCh38	archived			
ENCFF524WFQ	bigWig	bigWig		fold_change_over_control	hg19	ENCSR204OJS	Histone_ChIP-seq	/human-donors/ENCDO451RUA/	UBERON:0000945	stomach	tissue	Homo_sapiens										H3K27ac-human	DNA						2019-02-12	ENCODE		sonication_(generic)	200-600	1	1_1,_1_2							/files/ENCFF522TUC/,_/files/ENCFF710FQT/	1538950866	ENCODE_Processing_Pipeline	8e8c91762538e6562d97ed5b0c6213ba		https://www.encodeproject.org/files/ENCFF524WFQ/@@download/ENCFF524WFQ.bigWig				released	s3://encode-public/2019/02/11/e0fead35-feb3-41e0-b711-f27bffe4fd73/ENCFF524WFQ.bigWig	https://datasetencode.blob.core.windows.net/dataset/2019/02/11/e0fead35-feb3-41e0-b711-f27bffe4fd73/ENCFF524WFQ.bigWig?sv=2019-10-10&si=prod&sr=c&sig=9qSQZo4ggrCNpybBExU8SypuUZV33igI11xw0P7rB3c%3D	ENCODE3_hg19	archived			
ENCFF942UNJ	bed_narrowPeak	bed	narrowPeak	pseudoreplicated_peaks	hg19	ENCSR204OJS	Histone_ChIP-seq	/human-donors/ENCDO451RUA/	UBERON:0000945	stomach	tissue	Homo_sapiens										H3K27ac-human	DNA						2019-02-12	ENCODE		sonication_(generic)	200-600	1	1_1,_1_2							/files/ENCFF876PGA/	1467623	ENCODE_Processing_Pipeline	036cd50b4b8e551efe62ab9b5afa462f		https://www.encodeproject.org/files/ENCFF942UNJ/@@download/ENCFF942UNJ.bed.gz				released	s3://encode-public/2019/02/11/431ca724-d27b-4d92-a654-7188d039d198/ENCFF942UNJ.bed.gz	https://datasetencode.blob.core.windows.net/dataset/2019/02/11/431ca724-d27b-4d92-a654-7188d039d198/ENCFF942UNJ.bed.gz?sv=2019-10-10&si=prod&sr=c&sig=9qSQZo4ggrCNpybBExU8SypuUZV33igI11xw0P7rB3c%3D	ENCODE3_hg19	archived			
ENCFF696GSW	bigBed_narrowPeak	bigBed	narrowPeak	pseudoreplicated_peaks	hg19	ENCSR204OJS	Histone_ChIP-seq	/human-donors/ENCDO451RUA/	UBERON:0000945	stomach	tissue	Homo_sapiens										H3K27ac-human	DNA						2019-02-12	ENCODE		sonication_(generic)	200-600	1	1_1,_1_2							/files/ENCFF942UNJ/	2984209	ENCODE_Processing_Pipeline	f9dcbd531478489bc1d3510a12faaec5		https://www.encodeproject.org/files/ENCFF696GSW/@@download/ENCFF696GSW.bigBed				released	s3://encode-public/2019/02/11/de01d303-6dd0-4acd-939c-e4d9765cd3bd/ENCFF696GSW.bigBed	https://datasetencode.blob.core.windows.net/dataset/2019/02/11/de01d303-6dd0-4acd-939c-e4d9765cd3bd/ENCFF696GSW.bigBed?sv=2019-10-10&si=prod&sr=c&sig=9qSQZo4ggrCNpybBExU8SypuUZV33igI11xw0P7rB3c%3D	ENCODE3_hg19	archived			
ENCFF564PES	fastq	fastq		reads		ENCSR204OJS	Histone_ChIP-seq	/human-donors/ENCDO451RUA/	UBERON:0000945	stomach	tissue	Homo_sapiens										H3K27ac-human	DNA						2019-02-12	ENCODE		sonication_(generic)	200-600	1	1_1	76		single-ended					920983582	Bradley_Bernstein,_Broad	911b56de4096fdb50d2d13d7462cdaf8	SRA:SRR10837590	https://www.encodeproject.org/files/ENCFF564PES/@@download/ENCFF564PES.fastq.gz		Illumina_HiSeq_2500		released	s3://encode-public/2017/12/06/f2b14f10-e5e0-438e-852a-d56c0a4885b2/ENCFF564PES.fastq.gz	https://datasetencode.blob.core.windows.net/dataset/2017/12/06/f2b14f10-e5e0-438e-852a-d56c0a4885b2/ENCFF564PES.fastq.gz?sv=2019-10-10&si=prod&sr=c&sig=9qSQZo4ggrCNpybBExU8SypuUZV33igI11xw0P7rB3c%3D			missing_controlled_by		
ENCFF851QYW	fastq	fastq		reads		ENCSR204OJS	Histone_ChIP-seq	/human-donors/ENCDO451RUA/	UBERON:0000945	stomach	tissue	Homo_sapiens										H3K27ac-human	DNA						2019-02-12	ENCODE		sonication_(generic)	200-600	1	1_1	76		single-ended					972152091	Bradley_Bernstein,_Broad	c6fed66f36b84417a4d7be39cab72194	SRA:SRR10837591	https://www.encodeproject.org/files/ENCFF851QYW/@@download/ENCFF851QYW.fastq.gz		Illumina_HiSeq_2500		released	s3://encode-public/2017/12/06/bfaf0c0f-27e5-44c6-8cd3-38cda6ae7e71/ENCFF851QYW.fastq.gz	https://datasetencode.blob.core.windows.net/dataset/2017/12/06/bfaf0c0f-27e5-44c6-8cd3-38cda6ae7e71/ENCFF851QYW.fastq.gz?sv=2019-10-10&si=prod&sr=c&sig=9qSQZo4ggrCNpybBExU8SypuUZV33igI11xw0P7rB3c%3D			missing_controlled_by		
ENCFF155XPN	bam	bam		unfiltered_alignments	GRCh38	ENCSR204OJS	Histone_ChIP-seq	/human-donors/ENCDO451RUA/	UBERON:0000945	stomach	tissue	Homo_sapiens										H3K27ac-human	DNA						2019-02-12	ENCODE		sonication_(generic)	200-600	1	1_1,_1_2		76					/files/ENCFF303NHQ/,_/files/ENCFF053CBZ/,_/files/ENCFF564PES/,_/files/ENCFF851QYW/,_/files/ENCFF765XNJ/,_/files/ENCFF110MCL/,_/files/ENCFF394YBR/	3653960562	ENCODE_Processing_Pipeline	3e2fccd20ecb90e54dbb23477e10e065		https://www.encodeproject.org/files/ENCFF155XPN/@@download/ENCFF155XPN.bam				released	s3://encode-public/2020/09/24/ed11c6d2-ff11-4c56-be16-d2b5994d7188/ENCFF155XPN.bam	https://datasetencode.blob.core.windows.net/dataset/2020/09/24/ed11c6d2-ff11-4c56-be16-d2b5994d7188/ENCFF155XPN.bam?sv=2019-10-10&si=prod&sr=c&sig=9qSQZo4ggrCNpybBExU8SypuUZV33igI11xw0P7rB3c%3D	ENCODE4_v1.5.1_GRCh38	released			
ENCFF781VZS	bam	bam		alignments	GRCh38	ENCSR204OJS	Histone_ChIP-seq	/human-donors/ENCDO451RUA/	UBERON:0000945	stomach	tissue	Homo_sapiens										H3K27ac-human	DNA						2019-02-12	ENCODE		sonication_(generic)	200-600	1	1_1,_1_2		76					/files/ENCFF303NHQ/,_/files/ENCFF053CBZ/,_/files/ENCFF564PES/,_/files/ENCFF851QYW/,_/files/ENCFF765XNJ/,_/files/ENCFF110MCL/,_/files/ENCFF394YBR/	3124729162	ENCODE_Processing_Pipeline	fe23c272357751fca2a2d99ac157a2ef		https://www.encodeproject.org/files/ENCFF781VZS/@@download/ENCFF781VZS.bam				released	s3://encode-public/2020/09/24/4258ba3b-78e3-44aa-a18f-baa47723be2d/ENCFF781VZS.bam	https://datasetencode.blob.core.windows.net/dataset/2020/09/24/4258ba3b-78e3-44aa-a18f-baa47723be2d/ENCFF781VZS.bam?sv=2019-10-10&si=prod&sr=c&sig=9qSQZo4ggrCNpybBExU8SypuUZV33igI11xw0P7rB3c%3D	ENCODE4_v1.5.1_GRCh38	released			
ENCFF928WZU	bigWig	bigWig		signal_p-value	GRCh38	ENCSR937EVN	Histone_ChIP-seq	/human-donors/ENCDO451RUA/	UBERON:0001159	sigmoid_colon	tissue	Homo_sapiens										H3K27ac-human	DNA						2019-08-01	ENCODE		sonication_(generic),_none	200-600	1	1_1,_1_2							/files/ENCFF076ONX/,_/files/ENCFF633SJK/	1280784200	ENCODE_Processing_Pipeline	c582df5a81c5db73964434b7501b8258		https://www.encodeproject.org/files/ENCFF928WZU/@@download/ENCFF928WZU.bigWig				released	s3://encode-public/2020/09/21/59dae71a-a836-4ab5-b54f-8fe5b0c949c6/ENCFF928WZU.bigWig	https://datasetencode.blob.core.windows.net/dataset/2020/09/21/59dae71a-a836-4ab5-b54f-8fe5b0c949c6/ENCFF928WZU.bigWig?sv=2019-10-10&si=prod&sr=c&sig=9qSQZo4ggrCNpybBExU8SypuUZV33igI11xw0P7rB3c%3D	ENCODE4_v1.5.1_GRCh38	released			
ENCFF322NLT	bigWig	bigWig		fold_change_over_control	GRCh38	ENCSR937EVN	Histone_ChIP-seq	/human-donors/ENCDO451RUA/	UBERON:0001159	sigmoid_colon	tissue	Homo_sapiens										H3K27ac-human	DNA						2019-08-01	ENCODE		sonication_(generic),_none	200-600	1	1_1,_1_2							/files/ENCFF076ONX/,_/files/ENCFF633SJK/	1411918816	ENCODE_Processing_Pipeline	65342192cf907c863604f5bfe60f2166		https://www.encodeproject.org/files/ENCFF322NLT/@@download/ENCFF322NLT.bigWig				released	s3://encode-public/2020/09/21/6259f934-d8c4-429a-9e9b-02ae0e1bb7e6/ENCFF322NLT.bigWig	https://datasetencode.blob.core.windows.net/dataset/2020/09/21/6259f934-d8c4-429a-9e9b-02ae0e1bb7e6/ENCFF322NLT.bigWig?sv=2019-10-10&si=prod&sr=c&sig=9qSQZo4ggrCNpybBExU8SypuUZV33igI11xw0P7rB3c%3D	ENCODE4_v1.5.1_GRCh38	released			
ENCFF872UHN	bigBed_narrowPeak	bigBed	narrowPeak	pseudoreplicated_peaks	GRCh38	ENCSR937EVN	Histone_ChIP-seq	/human-donors/ENCDO451RUA/	UBERON:0001159	sigmoid_colon	tissue	Homo_sapiens										H3K27ac-human	DNA						2019-08-01	ENCODE		sonication_(generic),_none	200-600	1	1_1,_1_2							/files/ENCFF414SKU/	2980089	ENCODE_Processing_Pipeline	2207b7b3378df7776e7ecdc2aa1a5de0		https://www.encodeproject.org/files/ENCFF872UHN/@@download/ENCFF872UHN.bigBed				released	s3://encode-public/2020/09/21/c38cd923-008e-4c39-a49f-feaf05263d93/ENCFF872UHN.bigBed	https://datasetencode.blob.core.windows.net/dataset/2020/09/21/c38cd923-008e-4c39-a49f-feaf05263d93/ENCFF872UHN.bigBed?sv=2019-10-10&si=prod&sr=c&sig=9qSQZo4ggrCNpybBExU8SypuUZV33igI11xw0P7rB3c%3D	ENCODE4_v1.5.1_GRCh38	released			
ENCFF935UTO	fastq	fastq		reads		ENCSR937EVN	Histone_ChIP-seq	/human-donors/ENCDO451RUA/	UBERON:0001159	sigmoid_colon	tissue	Homo_sapiens										H3K27ac-human	DNA						2019-08-01	ENCODE		sonication_(generic),_none	200-600	1	1_2	76		single-ended					678759963	Bradley_Bernstein,_Broad	dcccbc155e335bdf2ca50a6e743a0b2c	SRA:SRR10838580	https://www.encodeproject.org/files/ENCFF935UTO/@@download/ENCFF935UTO.fastq.gz		Illumina_HiSeq_2500		released	s3://encode-public/2019/04/27/a16c899c-66b8-4b70-b0dd-05caa76a3648/ENCFF935UTO.fastq.gz	https://datasetencode.blob.core.windows.net/dataset/2019/04/27/a16c899c-66b8-4b70-b0dd-05caa76a3648/ENCFF935UTO.fastq.gz?sv=2019-10-10&si=prod&sr=c&sig=9qSQZo4ggrCNpybBExU8SypuUZV33igI11xw0P7rB3c%3D			missing_controlled_by		
ENCFF653PKW	fastq	fastq		reads		ENCSR937EVN	Histone_ChIP-seq	/human-donors/ENCDO451RUA/	UBERON:0001159	sigmoid_colon	tissue	Homo_sapiens										H3K27ac-human	DNA						2019-08-01	ENCODE		sonication_(generic),_none	200-600	1	1_2	76		single-ended					674758877	Bradley_Bernstein,_Broad	f424b99a7b58175a07a28716e5b6449a	SRA:SRR10838581	https://www.encodeproject.org/files/ENCFF653PKW/@@download/ENCFF653PKW.fastq.gz		Illumina_HiSeq_2500		released	s3://encode-public/2019/04/27/6c4afa1d-7789-4ae8-8148-b3b73222452f/ENCFF653PKW.fastq.gz	https://datasetencode.blob.core.windows.net/dataset/2019/04/27/6c4afa1d-7789-4ae8-8148-b3b73222452f/ENCFF653PKW.fastq.gz?sv=2019-10-10&si=prod&sr=c&sig=9qSQZo4ggrCNpybBExU8SypuUZV33igI11xw0P7rB3c%3D			missing_controlled_by		
ENCFF788VWD	bam	bam		unfiltered_alignments	GRCh38	ENCSR937EVN	Histone_ChIP-seq	/human-donors/ENCDO451RUA/	UBERON:0001159	sigmoid_colon	tissue	Homo_sapiens										H3K27ac-human	DNA						2019-08-01	ENCODE		sonication_(generic),_none	200-600	1	1_1,_1_2		76					/files/ENCFF226YFN/,_/files/ENCFF643CGH/,_/files/ENCFF235IVE/,_/files/ENCFF935UTO/,_/files/ENCFF653PKW/	3295029503	ENCODE_Processing_Pipeline	e37a5e9660b6e07e70c48dd305162e1c		https://www.encodeproject.org/files/ENCFF788VWD/@@download/ENCFF788VWD.bam				released	s3://encode-public/2019/07/17/4fc88626-db67-46ec-bb03-cf504f1b777f/ENCFF788VWD.bam	https://datasetencode.blob.core.windows.net/dataset/2019/07/17/4fc88626-db67-46ec-bb03-cf504f1b777f/ENCFF788VWD.bam?sv=2019-10-10&si=prod&sr=c&sig=9qSQZo4ggrCNpybBExU8SypuUZV33igI11xw0P7rB3c%3D	ENCODE3_GRCh38	archived			
ENCFF092THZ	bam	bam		alignments	GRCh38	ENCSR937EVN	Histone_ChIP-seq	/human-donors/ENCDO451RUA/	UBERON:0001159	sigmoid_colon	tissue	Homo_sapiens										H3K27ac-human	DNA						2019-08-01	ENCODE		sonication_(generic),_none	200-600	1	1_1,_1_2		76					/files/ENCFF226YFN/,_/files/ENCFF643CGH/,_/files/ENCFF235IVE/,_/files/ENCFF935UTO/,_/files/ENCFF653PKW/	2758291976	ENCODE_Processing_Pipeline	86ed94c1ec82dfe058ced166cc47e1a6		https://www.encodeproject.org/files/ENCFF092THZ/@@download/ENCFF092THZ.bam				released	s3://encode-public/2019/07/17/5360aec1-097c-44c0-bc59-7338acd022da/ENCFF092THZ.bam	https://datasetencode.blob.core.windows.net/dataset/2019/07/17/5360aec1-097c-44c0-bc59-7338acd022da/ENCFF092THZ.bam?sv=2019-10-10&si=prod&sr=c&sig=9qSQZo4ggrCNpybBExU8SypuUZV33igI11xw0P7rB3c%3D	ENCODE3_GRCh38	archived			
ENCFF250QOQ	bam	bam		unfiltered_alignments	hg19	ENCSR937EVN	Histone_ChIP-seq	/human-donors/ENCDO451RUA/	UBERON:0001159	sigmoid_colon	tissue	Homo_sapiens										H3K27ac-human	DNA						2019-08-01	ENCODE		sonication_(generic),_none	200-600	1	1_1,_1_2		76					/files/ENCFF226YFN/,_/files/ENCFF807MUK/,_/files/ENCFF235IVE/,_/files/ENCFF935UTO/,_/files/ENCFF653PKW/	3289799240	ENCODE_Processing_Pipeline	e8e07f0b38d4dbf1b525238d55a29938		https://www.encodeproject.org/files/ENCFF250QOQ/@@download/ENCFF250QOQ.bam				released	s3://encode-public/2019/07/17/1b67b799-56b5-4a8e-98bb-12a5bb495ac7/ENCFF250QOQ.bam	https://datasetencode.blob.core.windows.net/dataset/2019/07/17/1b67b799-56b5-4a8e-98bb-12a5bb495ac7/ENCFF250QOQ.bam?sv=2019-10-10&si=prod&sr=c&sig=9qSQZo4ggrCNpybBExU8SypuUZV33igI11xw0P7rB3c%3D	ENCODE3_hg19	archived			
ENCFF191RAO	bam	bam		alignments	hg19	ENCSR937EVN	Histone_ChIP-seq	/human-donors/ENCDO451RUA/	UBERON:0001159	sigmoid_colon	tissue	Homo_sapiens										H3K27ac-human	DNA						2019-08-01	ENCODE		sonication_(generic),_none	200-600	1	1_1,_1_2		76					/files/ENCFF226YFN/,_/files/ENCFF807MUK/,_/files/ENCFF235IVE/,_/files/ENCFF935UTO/,_/files/ENCFF653PKW/	2756357914	ENCODE_Processing_Pipeline	4d5f34d45e5bedc5030f5c782463bfaa		https://www.encodeproject.org/files/ENCFF191RAO/@@download/ENCFF191RAO.bam				released	s3://encode-public/2019/07/17/70be6f58-73e6-43b0-99f6-f8a494ce28b2/ENCFF191RAO.bam	https://datasetencode.blob.core.windows.net/dataset/2019/07/17/70be6f58-73e6-43b0-99f6-f8a494ce28b2/ENCFF191RAO.bam?sv=2019-10-10&si=prod&sr=c&sig=9qSQZo4ggrCNpybBExU8SypuUZV33igI11xw0P7rB3c%3D	ENCODE3_hg19	archived			
ENCFF193RGE	bed_narrowPeak	bed	narrowPeak	peaks	hg19	ENCSR937EVN	Histone_ChIP-seq	/human-donors/ENCDO451RUA/	UBERON:0001159	sigmoid_colon	tissue	Homo_sapiens										H3K27ac-human	DNA						2019-08-01	ENCODE		sonication_(generic),_none	200-600	1	1_1,_1_2							/files/ENCFF349BOR/,_/files/ENCFF191RAO/	1815424	ENCODE_Processing_Pipeline	692fbf7bf23c7289f5c32126d5c362a6		https://www.encodeproject.org/files/ENCFF193RGE/@@download/ENCFF193RGE.bed.gz				released	s3://encode-public/2019/07/24/fc2e7e53-6764-45b2-9fdc-7829f6835682/ENCFF193RGE.bed.gz	https://datasetencode.blob.core.windows.net/dataset/2019/07/24/fc2e7e53-6764-45b2-9fdc-7829f6835682/ENCFF193RGE.bed.gz?sv=2019-10-10&si=prod&sr=c&sig=9qSQZo4ggrCNpybBExU8SypuUZV33igI11xw0P7rB3c%3D	ENCODE3_hg19	archived			
ENCFF235VSS	bigBed_narrowPeak	bigBed	narrowPeak	peaks	hg19	ENCSR937EVN	Histone_ChIP-seq	/human-donors/ENCDO451RUA/	UBERON:0001159	sigmoid_colon	tissue	Homo_sapiens										H3K27ac-human	DNA						2019-08-01	ENCODE		sonication_(generic),_none	200-600	1	1_1,_1_2							/files/ENCFF193RGE/	4748618	ENCODE_Processing_Pipeline	4e79ee444388adb2a370fb1358eef830		https://www.encodeproject.org/files/ENCFF235VSS/@@download/ENCFF235VSS.bigBed				released	s3://encode-public/2019/07/24/a24453b3-cb19-4530-9d94-ed6e7ca04505/ENCFF235VSS.bigBed	https://datasetencode.blob.core.windows.net/dataset/2019/07/24/a24453b3-cb19-4530-9d94-ed6e7ca04505/ENCFF235VSS.bigBed?sv=2019-10-10&si=prod&sr=c&sig=9qSQZo4ggrCNpybBExU8SypuUZV33igI11xw0P7rB3c%3D	ENCODE3_hg19	archived			
ENCFF217LCE	bigBed_narrowPeak	bigBed	narrowPeak	peaks	GRCh38	ENCSR937EVN	Histone_ChIP-seq	/human-donors/ENCDO451RUA/	UBERON:0001159	sigmoid_colon	tissue	Homo_sapiens										H3K27ac-human	DNA						2019-08-01	ENCODE		sonication_(generic),_none	200-600	1	1_1,_1_2							/files/ENCFF866OFO/	4776580	ENCODE_Processing_Pipeline	d19c74e08c7de757d43d2f3f6790b729		https://www.encodeproject.org/files/ENCFF217LCE/@@download/ENCFF217LCE.bigBed				released	s3://encode-public/2019/07/24/3eaf7c0a-a86a-45e9-b576-2e3319ac6076/ENCFF217LCE.bigBed	https://datasetencode.blob.core.windows.net/dataset/2019/07/24/3eaf7c0a-a86a-45e9-b576-2e3319ac6076/ENCFF217LCE.bigBed?sv=2019-10-10&si=prod&sr=c&sig=9qSQZo4ggrCNpybBExU8SypuUZV33igI11xw0P7rB3c%3D	ENCODE3_GRCh38	archived			
ENCFF866OFO	bed_narrowPeak	bed	narrowPeak	peaks	GRCh38	ENCSR937EVN	Histone_ChIP-seq	/human-donors/ENCDO451RUA/	UBERON:0001159	sigmoid_colon	tissue	Homo_sapiens										H3K27ac-human	DNA						2019-08-01	ENCODE		sonication_(generic),_none	200-600	1	1_1,_1_2							/files/ENCFF092THZ/,_/files/ENCFF535IMT/	1827467	ENCODE_Processing_Pipeline	4d541114064e87afb062336fd0b0828b		https://www.encodeproject.org/files/ENCFF866OFO/@@download/ENCFF866OFO.bed.gz				released	s3://encode-public/2019/07/24/4bdfd376-97f6-4d90-ae29-0a33911fd35c/ENCFF866OFO.bed.gz	https://datasetencode.blob.core.windows.net/dataset/2019/07/24/4bdfd376-97f6-4d90-ae29-0a33911fd35c/ENCFF866OFO.bed.gz?sv=2019-10-10&si=prod&sr=c&sig=9qSQZo4ggrCNpybBExU8SypuUZV33igI11xw0P7rB3c%3D	ENCODE3_GRCh38	archived			
ENCFF327HXZ	bigWig	bigWig		signal_p-value	GRCh38	ENCSR937EVN	Histone_ChIP-seq	/human-donors/ENCDO451RUA/	UBERON:0001159	sigmoid_colon	tissue	Homo_sapiens										H3K27ac-human	DNA						2019-08-01	ENCODE		sonication_(generic),_none	200-600	1	1_1,_1_2							/files/ENCFF092THZ/,_/files/ENCFF535IMT/	1272300209	ENCODE_Processing_Pipeline	51dcdc6aed934e62afd9a9df9b8d4c2a		https://www.encodeproject.org/files/ENCFF327HXZ/@@download/ENCFF327HXZ.bigWig				released	s3://encode-public/2019/07/24/a37f0328-5a2d-4ea1-a60c-22548b89f29a/ENCFF327HXZ.bigWig	https://datasetencode.blob.core.windows.net/dataset/2019/07/24/a37f0328-5a2d-4ea1-a60c-22548b89f29a/ENCFF327HXZ.bigWig?sv=2019-10-10&si=prod&sr=c&sig=9qSQZo4ggrCNpybBExU8SypuUZV33igI11xw0P7rB3c%3D	ENCODE3_GRCh38	archived			
ENCFF507VUO	bigWig	bigWig		signal_p-value	hg19	ENCSR937EVN	Histone_ChIP-seq	/human-donors/ENCDO451RUA/	UBERON:0001159	sigmoid_colon	tissue	Homo_sapiens										H3K27ac-human	DNA						2019-08-01	ENCODE		sonication_(generic),_none	200-600	1	1_1,_1_2							/files/ENCFF349BOR/,_/files/ENCFF191RAO/	1409287693	ENCODE_Processing_Pipeline	58b5e1d02d06fce5fde9d027a51b5655		https://www.encodeproject.org/files/ENCFF507VUO/@@download/ENCFF507VUO.bigWig				released	s3://encode-public/2019/07/24/be44abdd-2697-454a-86fa-d37b6a9dedd9/ENCFF507VUO.bigWig	https://datasetencode.blob.core.windows.net/dataset/2019/07/24/be44abdd-2697-454a-86fa-d37b6a9dedd9/ENCFF507VUO.bigWig?sv=2019-10-10&si=prod&sr=c&sig=9qSQZo4ggrCNpybBExU8SypuUZV33igI11xw0P7rB3c%3D	ENCODE3_hg19	archived			
ENCFF372UBP	bigWig	bigWig		fold_change_over_control	GRCh38	ENCSR937EVN	Histone_ChIP-seq	/human-donors/ENCDO451RUA/	UBERON:0001159	sigmoid_colon	tissue	Homo_sapiens										H3K27ac-human	DNA						2019-08-01	ENCODE		sonication_(generic),_none	200-600	1	1_1,_1_2							/files/ENCFF092THZ/,_/files/ENCFF535IMT/	1373456031	ENCODE_Processing_Pipeline	7f7bee41332e4793721718fa17988e9d		https://www.encodeproject.org/files/ENCFF372UBP/@@download/ENCFF372UBP.bigWig				released	s3://encode-public/2019/07/24/28ed51ae-eae4-4c0c-96ba-9ea872da6cc2/ENCFF372UBP.bigWig	https://datasetencode.blob.core.windows.net/dataset/2019/07/24/28ed51ae-eae4-4c0c-96ba-9ea872da6cc2/ENCFF372UBP.bigWig?sv=2019-10-10&si=prod&sr=c&sig=9qSQZo4ggrCNpybBExU8SypuUZV33igI11xw0P7rB3c%3D	ENCODE3_GRCh38	archived			
ENCFF757ULO	bigWig	bigWig		fold_change_over_control	hg19	ENCSR937EVN	Histone_ChIP-seq	/human-donors/ENCDO451RUA/	UBERON:0001159	sigmoid_colon	tissue	Homo_sapiens										H3K27ac-human	DNA						2019-08-01	ENCODE		sonication_(generic),_none	200-600	1	1_1,_1_2							/files/ENCFF349BOR/,_/files/ENCFF191RAO/	1368859174	ENCODE_Processing_Pipeline	d4d046eab2d2173421ac590a8904a17d		https://www.encodeproject.org/files/ENCFF757ULO/@@download/ENCFF757ULO.bigWig				released	s3://encode-public/2019/07/24/c05ba727-23f1-4588-bf01-aaba26eb0b85/ENCFF757ULO.bigWig	https://datasetencode.blob.core.windows.net/dataset/2019/07/24/c05ba727-23f1-4588-bf01-aaba26eb0b85/ENCFF757ULO.bigWig?sv=2019-10-10&si=prod&sr=c&sig=9qSQZo4ggrCNpybBExU8SypuUZV33igI11xw0P7rB3c%3D	ENCODE3_hg19	archived			
ENCFF843KKF	bed_narrowPeak	bed	narrowPeak	pseudoreplicated_peaks	GRCh38	ENCSR937EVN	Histone_ChIP-seq	/human-donors/ENCDO451RUA/	UBERON:0001159	sigmoid_colon	tissue	Homo_sapiens										H3K27ac-human	DNA						2019-08-01	ENCODE		sonication_(generic),_none	200-600	1	1_1,_1_2							/files/ENCFF866OFO/	1521626	ENCODE_Processing_Pipeline	49c16a527d91daea8c7dc33cbf0b83dc		https://www.encodeproject.org/files/ENCFF843KKF/@@download/ENCFF843KKF.bed.gz				released	s3://encode-public/2019/07/24/bf4fac19-b781-4f96-808e-beef7fee9fad/ENCFF843KKF.bed.gz	https://datasetencode.blob.core.windows.net/dataset/2019/07/24/bf4fac19-b781-4f96-808e-beef7fee9fad/ENCFF843KKF.bed.gz?sv=2019-10-10&si=prod&sr=c&sig=9qSQZo4ggrCNpybBExU8SypuUZV33igI11xw0P7rB3c%3D	ENCODE3_GRCh38	archived			
ENCFF507EYU	bed_narrowPeak	bed	narrowPeak	pseudoreplicated_peaks	hg19	ENCSR937EVN	Histone_ChIP-seq	/human-donors/ENCDO451RUA/	UBERON:0001159	sigmoid_colon	tissue	Homo_sapiens										H3K27ac-human	DNA						2019-08-01	ENCODE		sonication_(generic),_none	200-600	1	1_1,_1_2							/files/ENCFF193RGE/	1509865	ENCODE_Processing_Pipeline	6eb37ae30d97201cb3fadcf1f7aa792e		https://www.encodeproject.org/files/ENCFF507EYU/@@download/ENCFF507EYU.bed.gz				released	s3://encode-public/2019/07/24/7a5f5a44-bbc7-43a6-b4ba-71d32f5dbeea/ENCFF507EYU.bed.gz	https://datasetencode.blob.core.windows.net/dataset/2019/07/24/7a5f5a44-bbc7-43a6-b4ba-71d32f5dbeea/ENCFF507EYU.bed.gz?sv=2019-10-10&si=prod&sr=c&sig=9qSQZo4ggrCNpybBExU8SypuUZV33igI11xw0P7rB3c%3D	ENCODE3_hg19	archived			
ENCFF683OKQ	bigBed_narrowPeak	bigBed	narrowPeak	pseudoreplicated_peaks	GRCh38	ENCSR937EVN	Histone_ChIP-seq	/human-donors/ENCDO451RUA/	UBERON:0001159	sigmoid_colon	tissue	Homo_sapiens										H3K27ac-human	DNA						2019-08-01	ENCODE		sonication_(generic),_none	200-600	1	1_1,_1_2							/files/ENCFF843KKF/	3014929	ENCODE_Processing_Pipeline	135283355fcf52550ade025d45cb1c99		https://www.encodeproject.org/files/ENCFF683OKQ/@@download/ENCFF683OKQ.bigBed				released	s3://encode-public/2019/07/24/c766b70a-66b0-405c-8e76-3dc19d1a8135/ENCFF683OKQ.bigBed	https://datasetencode.blob.core.windows.net/dataset/2019/07/24/c766b70a-66b0-405c-8e76-3dc19d1a8135/ENCFF683OKQ.bigBed?sv=2019-10-10&si=prod&sr=c&sig=9qSQZo4ggrCNpybBExU8SypuUZV33igI11xw0P7rB3c%3D	ENCODE3_GRCh38	archived			
ENCFF632FJQ	bigBed_narrowPeak	bigBed	narrowPeak	pseudoreplicated_peaks	hg19	ENCSR937EVN	Histone_ChIP-seq	/human-donors/ENCDO451RUA/	UBERON:0001159	sigmoid_colon	tissue	Homo_sapiens										H3K27ac-human	DNA						2019-08-01	ENCODE		sonication_(generic),_none	200-600	1	1_1,_1_2							/files/ENCFF507EYU/	2994097	ENCODE_Processing_Pipeline	1ea56bd72f9452bf129791f5afabd989		https://www.encodeproject.org/files/ENCFF632FJQ/@@download/ENCFF632FJQ.bigBed				released	s3://encode-public/2019/07/24/70c94934-8dde-4c92-b939-d895fbb51a78/ENCFF632FJQ.bigBed	https://datasetencode.blob.core.windows.net/dataset/2019/07/24/70c94934-8dde-4c92-b939-d895fbb51a78/ENCFF632FJQ.bigBed?sv=2019-10-10&si=prod&sr=c&sig=9qSQZo4ggrCNpybBExU8SypuUZV33igI11xw0P7rB3c%3D	ENCODE3_hg19	archived			
ENCFF226YFN	fastq	fastq		reads		ENCSR937EVN	Histone_ChIP-seq	/human-donors/ENCDO451RUA/	UBERON:0001159	sigmoid_colon	tissue	Homo_sapiens										H3K27ac-human	DNA						2019-08-01	ENCODE		sonication_(generic),_none	200-600	1	1_1	76		single-ended					1213195533	Bradley_Bernstein,_Broad	107c4f49d5c9cd6e819e3a5190f73da8	SRA:SRR10838582	https://www.encodeproject.org/files/ENCFF226YFN/@@download/ENCFF226YFN.fastq.gz		Illumina_HiSeq_2500		released	s3://encode-public/2017/12/06/4d6ad49e-4623-41c2-b386-cb003404e39c/ENCFF226YFN.fastq.gz	https://datasetencode.blob.core.windows.net/dataset/2017/12/06/4d6ad49e-4623-41c2-b386-cb003404e39c/ENCFF226YFN.fastq.gz?sv=2019-10-10&si=prod&sr=c&sig=9qSQZo4ggrCNpybBExU8SypuUZV33igI11xw0P7rB3c%3D			missing_controlled_by		
ENCFF235IVE	fastq	fastq		reads		ENCSR937EVN	Histone_ChIP-seq	/human-donors/ENCDO451RUA/	UBERON:0001159	sigmoid_colon	tissue	Homo_sapiens										H3K27ac-human	DNA						2019-08-01	ENCODE		sonication_(generic),_none	200-600	1	1_1	76		single-ended					1164440913	Bradley_Bernstein,_Broad	21e3ca8c6a27c99fc108d69e7e46faea	SRA:SRR10838583	https://www.encodeproject.org/files/ENCFF235IVE/@@download/ENCFF235IVE.fastq.gz		Illumina_HiSeq_2500		released	s3://encode-public/2017/12/06/6b6feb34-8f73-4a65-a246-a596c2b7b809/ENCFF235IVE.fastq.gz	https://datasetencode.blob.core.windows.net/dataset/2017/12/06/6b6feb34-8f73-4a65-a246-a596c2b7b809/ENCFF235IVE.fastq.gz?sv=2019-10-10&si=prod&sr=c&sig=9qSQZo4ggrCNpybBExU8SypuUZV33igI11xw0P7rB3c%3D			missing_controlled_by		
ENCFF789FIZ	bam	bam		unfiltered_alignments	GRCh38	ENCSR937EVN	Histone_ChIP-seq	/human-donors/ENCDO451RUA/	UBERON:0001159	sigmoid_colon	tissue	Homo_sapiens										H3K27ac-human	DNA						2019-08-01	ENCODE		sonication_(generic),_none	200-600	1	1_1,_1_2		76					/files/ENCFF235IVE/,_/files/ENCFF653PKW/,_/files/ENCFF110MCL/,_/files/ENCFF226YFN/,_/files/ENCFF935UTO/	3297929591	ENCODE_Processing_Pipeline	9331fae0047817e7218b3313ed7db252		https://www.encodeproject.org/files/ENCFF789FIZ/@@download/ENCFF789FIZ.bam				released	s3://encode-public/2020/09/21/9aa8f139-092d-46ac-aac0-7c6b7934a288/ENCFF789FIZ.bam	https://datasetencode.blob.core.windows.net/dataset/2020/09/21/9aa8f139-092d-46ac-aac0-7c6b7934a288/ENCFF789FIZ.bam?sv=2019-10-10&si=prod&sr=c&sig=9qSQZo4ggrCNpybBExU8SypuUZV33igI11xw0P7rB3c%3D	ENCODE4_v1.5.1_GRCh38	released			
ENCFF633SJK	bam	bam		alignments	GRCh38	ENCSR937EVN	Histone_ChIP-seq	/human-donors/ENCDO451RUA/	UBERON:0001159	sigmoid_colon	tissue	Homo_sapiens										H3K27ac-human	DNA						2019-08-01	ENCODE		sonication_(generic),_none	200-600	1	1_1,_1_2		76					/files/ENCFF235IVE/,_/files/ENCFF653PKW/,_/files/ENCFF110MCL/,_/files/ENCFF226YFN/,_/files/ENCFF935UTO/	2786120101	ENCODE_Processing_Pipeline	3a48ef1497c3a94721700ff716f446c2		https://www.encodeproject.org/files/ENCFF633SJK/@@download/ENCFF633SJK.bam				released	s3://encode-public/2020/09/21/f25f68e0-b958-4912-afab-6158bf881661/ENCFF633SJK.bam	https://datasetencode.blob.core.windows.net/dataset/2020/09/21/f25f68e0-b958-4912-afab-6158bf881661/ENCFF633SJK.bam?sv=2019-10-10&si=prod&sr=c&sig=9qSQZo4ggrCNpybBExU8SypuUZV33igI11xw0P7rB3c%3D	ENCODE4_v1.5.1_GRCh38	released			
ENCFF414SKU	bed_narrowPeak	bed	narrowPeak	pseudoreplicated_peaks	GRCh38	ENCSR937EVN	Histone_ChIP-seq	/human-donors/ENCDO451RUA/	UBERON:0001159	sigmoid_colon	tissue	Homo_sapiens										H3K27ac-human	DNA						2019-08-01	ENCODE		sonication_(generic),_none	200-600	1	1_1,_1_2							/files/ENCFF076ONX/,_/files/ENCFF356LFX/,_/files/ENCFF633SJK/	1512016	ENCODE_Processing_Pipeline	392d9179e205410cddb37c9c785e7753		https://www.encodeproject.org/files/ENCFF414SKU/@@download/ENCFF414SKU.bed.gz				released	s3://encode-public/2020/09/21/d8510939-6ae0-49cb-babb-d4e5c79b0662/ENCFF414SKU.bed.gz	https://datasetencode.blob.core.windows.net/dataset/2020/09/21/d8510939-6ae0-49cb-babb-d4e5c79b0662/ENCFF414SKU.bed.gz?sv=2019-10-10&si=prod&sr=c&sig=9qSQZo4ggrCNpybBExU8SypuUZV33igI11xw0P7rB3c%3D	ENCODE4_v1.5.1_GRCh38	released			
ENCFF530NQM	bigWig	bigWig		signal_p-value	GRCh38	ENCSR158WBG	Histone_ChIP-seq	/human-donors/ENCDO451RUA/	UBERON:0000945	stomach	tissue	Homo_sapiens										H3K4me1-human	DNA						2019-08-01	ENCODE		sonication_(generic)	200-600	1	1_1,_1_2							/files/ENCFF392ZIV/,_/files/ENCFF829IOW/	1787130156	ENCODE_Processing_Pipeline	17fb333d6ff7d10be594dcb4f34797f9		https://www.encodeproject.org/files/ENCFF530NQM/@@download/ENCFF530NQM.bigWig				released	s3://encode-public/2020/09/22/cd88223a-8cb1-4b5e-be97-997e693be4b0/ENCFF530NQM.bigWig	https://datasetencode.blob.core.windows.net/dataset/2020/09/22/cd88223a-8cb1-4b5e-be97-997e693be4b0/ENCFF530NQM.bigWig?sv=2019-10-10&si=prod&sr=c&sig=9qSQZo4ggrCNpybBExU8SypuUZV33igI11xw0P7rB3c%3D	ENCODE4_v1.5.1_GRCh38	released			
ENCFF848VRD	fastq	fastq		reads		ENCSR158WBG	Histone_ChIP-seq	/human-donors/ENCDO451RUA/	UBERON:0000945	stomach	tissue	Homo_sapiens										H3K4me1-human	DNA						2019-08-01	ENCODE		sonication_(generic)	200-600	1	1_2	76		single-ended					1464689597	Bradley_Bernstein,_Broad	20568a3a012aa50e6e98a8d88a1aff2b	SRA:SRR10837547	https://www.encodeproject.org/files/ENCFF848VRD/@@download/ENCFF848VRD.fastq.gz		Illumina_HiSeq_2500		released	s3://encode-public/2019/04/27/08bfbda5-0f1c-4403-940e-7f9023984b29/ENCFF848VRD.fastq.gz	https://datasetencode.blob.core.windows.net/dataset/2019/04/27/08bfbda5-0f1c-4403-940e-7f9023984b29/ENCFF848VRD.fastq.gz?sv=2019-10-10&si=prod&sr=c&sig=9qSQZo4ggrCNpybBExU8SypuUZV33igI11xw0P7rB3c%3D			missing_controlled_by		
ENCFF471UAJ	fastq	fastq		reads		ENCSR158WBG	Histone_ChIP-seq	/human-donors/ENCDO451RUA/	UBERON:0000945	stomach	tissue	Homo_sapiens										H3K4me1-human	DNA						2019-08-01	ENCODE		sonication_(generic)	200-600	1	1_2	76		single-ended					1445693701	Bradley_Bernstein,_Broad	45eb9113a00d9f0351382f21afdf7a0c	SRA:SRR10837548	https://www.encodeproject.org/files/ENCFF471UAJ/@@download/ENCFF471UAJ.fastq.gz		Illumina_HiSeq_2500		released	s3://encode-public/2019/04/27/129d8869-d8d2-45aa-bbe4-d61d8da40ab3/ENCFF471UAJ.fastq.gz	https://datasetencode.blob.core.windows.net/dataset/2019/04/27/129d8869-d8d2-45aa-bbe4-d61d8da40ab3/ENCFF471UAJ.fastq.gz?sv=2019-10-10&si=prod&sr=c&sig=9qSQZo4ggrCNpybBExU8SypuUZV33igI11xw0P7rB3c%3D			missing_controlled_by		
ENCFF380CDT	bam	bam		unfiltered_alignments	hg19	ENCSR158WBG	Histone_ChIP-seq	/human-donors/ENCDO451RUA/	UBERON:0000945	stomach	tissue	Homo_sapiens										H3K4me1-human	DNA						2019-08-01	ENCODE		sonication_(generic)	200-600	1	1_1,_1_2		76					/files/ENCFF044KYF/,_/files/ENCFF807MUK/,_/files/ENCFF848VRD/,_/files/ENCFF990WYX/,_/files/ENCFF471UAJ/	5467330320	ENCODE_Processing_Pipeline	ada799292ba2d811f96c59f440da7c7b		https://www.encodeproject.org/files/ENCFF380CDT/@@download/ENCFF380CDT.bam				released	s3://encode-public/2019/07/17/5f89f92d-2b81-41f7-87b2-12670df080f1/ENCFF380CDT.bam	https://datasetencode.blob.core.windows.net/dataset/2019/07/17/5f89f92d-2b81-41f7-87b2-12670df080f1/ENCFF380CDT.bam?sv=2019-10-10&si=prod&sr=c&sig=9qSQZo4ggrCNpybBExU8SypuUZV33igI11xw0P7rB3c%3D	ENCODE3_hg19	archived			
ENCFF360WPD	bam	bam		alignments	hg19	ENCSR158WBG	Histone_ChIP-seq	/human-donors/ENCDO451RUA/	UBERON:0000945	stomach	tissue	Homo_sapiens										H3K4me1-human	DNA						2019-08-01	ENCODE		sonication_(generic)	200-600	1	1_1,_1_2		76					/files/ENCFF044KYF/,_/files/ENCFF807MUK/,_/files/ENCFF848VRD/,_/files/ENCFF990WYX/,_/files/ENCFF471UAJ/	4561718571	ENCODE_Processing_Pipeline	24dafdcefb5e0f32d9b1f678f3ee2b2c		https://www.encodeproject.org/files/ENCFF360WPD/@@download/ENCFF360WPD.bam				released	s3://encode-public/2019/07/17/5e9d4ed5-d836-4480-a80d-794a771eaec0/ENCFF360WPD.bam	https://datasetencode.blob.core.windows.net/dataset/2019/07/17/5e9d4ed5-d836-4480-a80d-794a771eaec0/ENCFF360WPD.bam?sv=2019-10-10&si=prod&sr=c&sig=9qSQZo4ggrCNpybBExU8SypuUZV33igI11xw0P7rB3c%3D	ENCODE3_hg19	archived			
ENCFF472PCL	bam	bam		unfiltered_alignments	GRCh38	ENCSR158WBG	Histone_ChIP-seq	/human-donors/ENCDO451RUA/	UBERON:0000945	stomach	tissue	Homo_sapiens										H3K4me1-human	DNA						2019-08-01	ENCODE		sonication_(generic)	200-600	1	1_1,_1_2		76					/files/ENCFF044KYF/,_/files/ENCFF643CGH/,_/files/ENCFF848VRD/,_/files/ENCFF990WYX/,_/files/ENCFF471UAJ/	5479975525	ENCODE_Processing_Pipeline	7e9426ab8c93982d90c3f0122b7a2245		https://www.encodeproject.org/files/ENCFF472PCL/@@download/ENCFF472PCL.bam				released	s3://encode-public/2019/07/17/e5a12117-c7d1-44c3-a4be-2d2f36b16dca/ENCFF472PCL.bam	https://datasetencode.blob.core.windows.net/dataset/2019/07/17/e5a12117-c7d1-44c3-a4be-2d2f36b16dca/ENCFF472PCL.bam?sv=2019-10-10&si=prod&sr=c&sig=9qSQZo4ggrCNpybBExU8SypuUZV33igI11xw0P7rB3c%3D	ENCODE3_GRCh38	archived			
ENCFF681YVP	bam	bam		alignments	GRCh38	ENCSR158WBG	Histone_ChIP-seq	/human-donors/ENCDO451RUA/	UBERON:0000945	stomach	tissue	Homo_sapiens										H3K4me1-human	DNA						2019-08-01	ENCODE		sonication_(generic)	200-600	1	1_1,_1_2		76					/files/ENCFF044KYF/,_/files/ENCFF643CGH/,_/files/ENCFF848VRD/,_/files/ENCFF990WYX/,_/files/ENCFF471UAJ/	4566453457	ENCODE_Processing_Pipeline	077d560fce2966a58391f16f7b62456b		https://www.encodeproject.org/files/ENCFF681YVP/@@download/ENCFF681YVP.bam				released	s3://encode-public/2019/07/17/c437c66d-1125-412b-919c-624ce1a47f77/ENCFF681YVP.bam	https://datasetencode.blob.core.windows.net/dataset/2019/07/17/c437c66d-1125-412b-919c-624ce1a47f77/ENCFF681YVP.bam?sv=2019-10-10&si=prod&sr=c&sig=9qSQZo4ggrCNpybBExU8SypuUZV33igI11xw0P7rB3c%3D	ENCODE3_GRCh38	archived			
ENCFF567SLZ	bed_narrowPeak	bed	narrowPeak	peaks	hg19	ENCSR158WBG	Histone_ChIP-seq	/human-donors/ENCDO451RUA/	UBERON:0000945	stomach	tissue	Homo_sapiens										H3K4me1-human	DNA						2019-08-01	ENCODE		sonication_(generic)	200-600	1	1_1,_1_2							/files/ENCFF522TUC/,_/files/ENCFF360WPD/	2451240	ENCODE_Processing_Pipeline	e840fe980f166220b4c9fc7aa7e3a169		https://www.encodeproject.org/files/ENCFF567SLZ/@@download/ENCFF567SLZ.bed.gz				released	s3://encode-public/2019/07/24/92981e43-c60a-48fd-ba91-bf181d3f72da/ENCFF567SLZ.bed.gz	https://datasetencode.blob.core.windows.net/dataset/2019/07/24/92981e43-c60a-48fd-ba91-bf181d3f72da/ENCFF567SLZ.bed.gz?sv=2019-10-10&si=prod&sr=c&sig=9qSQZo4ggrCNpybBExU8SypuUZV33igI11xw0P7rB3c%3D	ENCODE3_hg19	archived			
ENCFF334NQD	bigBed_narrowPeak	bigBed	narrowPeak	peaks	hg19	ENCSR158WBG	Histone_ChIP-seq	/human-donors/ENCDO451RUA/	UBERON:0000945	stomach	tissue	Homo_sapiens										H3K4me1-human	DNA						2019-08-01	ENCODE		sonication_(generic)	200-600	1	1_1,_1_2							/files/ENCFF567SLZ/	6837945	ENCODE_Processing_Pipeline	fde3a7ccf2b7782672da883d60909c02		https://www.encodeproject.org/files/ENCFF334NQD/@@download/ENCFF334NQD.bigBed				released	s3://encode-public/2019/07/24/e001047b-d263-4b1d-b8f0-0025c237eee8/ENCFF334NQD.bigBed	https://datasetencode.blob.core.windows.net/dataset/2019/07/24/e001047b-d263-4b1d-b8f0-0025c237eee8/ENCFF334NQD.bigBed?sv=2019-10-10&si=prod&sr=c&sig=9qSQZo4ggrCNpybBExU8SypuUZV33igI11xw0P7rB3c%3D	ENCODE3_hg19	archived			
ENCFF193RHT	bed_narrowPeak	bed	narrowPeak	peaks	GRCh38	ENCSR158WBG	Histone_ChIP-seq	/human-donors/ENCDO451RUA/	UBERON:0000945	stomach	tissue	Homo_sapiens										H3K4me1-human	DNA						2019-08-01	ENCODE		sonication_(generic)	200-600	1	1_1,_1_2							/files/ENCFF681YVP/,_/files/ENCFF808COP/	2426363	ENCODE_Processing_Pipeline	d9cb24bdfed98c237a6ca524278a63a0		https://www.encodeproject.org/files/ENCFF193RHT/@@download/ENCFF193RHT.bed.gz				released	s3://encode-public/2019/07/24/be9dd1d2-b937-48a9-8683-278b0d13a31f/ENCFF193RHT.bed.gz	https://datasetencode.blob.core.windows.net/dataset/2019/07/24/be9dd1d2-b937-48a9-8683-278b0d13a31f/ENCFF193RHT.bed.gz?sv=2019-10-10&si=prod&sr=c&sig=9qSQZo4ggrCNpybBExU8SypuUZV33igI11xw0P7rB3c%3D	ENCODE3_GRCh38	archived			
ENCFF142LKY	bigBed_narrowPeak	bigBed	narrowPeak	peaks	GRCh38	ENCSR158WBG	Histone_ChIP-seq	/human-donors/ENCDO451RUA/	UBERON:0000945	stomach	tissue	Homo_sapiens										H3K4me1-human	DNA						2019-08-01	ENCODE		sonication_(generic)	200-600	1	1_1,_1_2							/files/ENCFF193RHT/	6765235	ENCODE_Processing_Pipeline	356b609d662892842dcf54a93cfd0ad2		https://www.encodeproject.org/files/ENCFF142LKY/@@download/ENCFF142LKY.bigBed				released	s3://encode-public/2019/07/24/75f882d3-42d7-4792-b3bb-3947ebc8d56f/ENCFF142LKY.bigBed	https://datasetencode.blob.core.windows.net/dataset/2019/07/24/75f882d3-42d7-4792-b3bb-3947ebc8d56f/ENCFF142LKY.bigBed?sv=2019-10-10&si=prod&sr=c&sig=9qSQZo4ggrCNpybBExU8SypuUZV33igI11xw0P7rB3c%3D	ENCODE3_GRCh38	archived			
ENCFF389LEU	bigWig	bigWig		signal_p-value	GRCh38	ENCSR158WBG	Histone_ChIP-seq	/human-donors/ENCDO451RUA/	UBERON:0000945	stomach	tissue	Homo_sapiens										H3K4me1-human	DNA						2019-08-01	ENCODE		sonication_(generic)	200-600	1	1_1,_1_2							/files/ENCFF681YVP/,_/files/ENCFF808COP/	1858248063	ENCODE_Processing_Pipeline	33bbf6f38df42c776d9fab43934ff393		https://www.encodeproject.org/files/ENCFF389LEU/@@download/ENCFF389LEU.bigWig				released	s3://encode-public/2019/07/24/70a6f20a-7462-4795-a0e8-c5f8bf5cbe6a/ENCFF389LEU.bigWig	https://datasetencode.blob.core.windows.net/dataset/2019/07/24/70a6f20a-7462-4795-a0e8-c5f8bf5cbe6a/ENCFF389LEU.bigWig?sv=2019-10-10&si=prod&sr=c&sig=9qSQZo4ggrCNpybBExU8SypuUZV33igI11xw0P7rB3c%3D	ENCODE3_GRCh38	archived			
ENCFF034VHX	bigWig	bigWig		signal_p-value	hg19	ENCSR158WBG	Histone_ChIP-seq	/human-donors/ENCDO451RUA/	UBERON:0000945	stomach	tissue	Homo_sapiens										H3K4me1-human	DNA						2019-08-01	ENCODE		sonication_(generic)	200-600	1	1_1,_1_2							/files/ENCFF522TUC/,_/files/ENCFF360WPD/	1882851790	ENCODE_Processing_Pipeline	312c5842716508c6286cf8cd882a5490		https://www.encodeproject.org/files/ENCFF034VHX/@@download/ENCFF034VHX.bigWig				released	s3://encode-public/2019/07/24/8381d2c4-2ccb-4917-b0dd-fffeb6f43215/ENCFF034VHX.bigWig	https://datasetencode.blob.core.windows.net/dataset/2019/07/24/8381d2c4-2ccb-4917-b0dd-fffeb6f43215/ENCFF034VHX.bigWig?sv=2019-10-10&si=prod&sr=c&sig=9qSQZo4ggrCNpybBExU8SypuUZV33igI11xw0P7rB3c%3D	ENCODE3_hg19	archived			
ENCFF960TIO	bigWig	bigWig		fold_change_over_control	GRCh38	ENCSR158WBG	Histone_ChIP-seq	/human-donors/ENCDO451RUA/	UBERON:0000945	stomach	tissue	Homo_sapiens										H3K4me1-human	DNA						2019-08-01	ENCODE		sonication_(generic)	200-600	1	1_1,_1_2							/files/ENCFF681YVP/,_/files/ENCFF808COP/	1850031556	ENCODE_Processing_Pipeline	cedf4489052e6a31d12572fd4a70a78c		https://www.encodeproject.org/files/ENCFF960TIO/@@download/ENCFF960TIO.bigWig				released	s3://encode-public/2019/07/24/6d1a6682-d1a1-4f86-b74b-704bdee72201/ENCFF960TIO.bigWig	https://datasetencode.blob.core.windows.net/dataset/2019/07/24/6d1a6682-d1a1-4f86-b74b-704bdee72201/ENCFF960TIO.bigWig?sv=2019-10-10&si=prod&sr=c&sig=9qSQZo4ggrCNpybBExU8SypuUZV33igI11xw0P7rB3c%3D	ENCODE3_GRCh38	archived			
ENCFF099DGT	bed_narrowPeak	bed	narrowPeak	pseudoreplicated_peaks	GRCh38	ENCSR158WBG	Histone_ChIP-seq	/human-donors/ENCDO451RUA/	UBERON:0000945	stomach	tissue	Homo_sapiens										H3K4me1-human	DNA						2019-08-01	ENCODE		sonication_(generic)	200-600	1	1_1,_1_2							/files/ENCFF193RHT/	1515809	ENCODE_Processing_Pipeline	d99263459304cacbb01e60a5d53f7570		https://www.encodeproject.org/files/ENCFF099DGT/@@download/ENCFF099DGT.bed.gz				released	s3://encode-public/2019/07/24/f30ab7d9-d666-4336-ab37-c5b94910211d/ENCFF099DGT.bed.gz	https://datasetencode.blob.core.windows.net/dataset/2019/07/24/f30ab7d9-d666-4336-ab37-c5b94910211d/ENCFF099DGT.bed.gz?sv=2019-10-10&si=prod&sr=c&sig=9qSQZo4ggrCNpybBExU8SypuUZV33igI11xw0P7rB3c%3D	ENCODE3_GRCh38	archived			
ENCFF481PVI	bigWig	bigWig		fold_change_over_control	hg19	ENCSR158WBG	Histone_ChIP-seq	/human-donors/ENCDO451RUA/	UBERON:0000945	stomach	tissue	Homo_sapiens										H3K4me1-human	DNA						2019-08-01	ENCODE		sonication_(generic)	200-600	1	1_1,_1_2							/files/ENCFF522TUC/,_/files/ENCFF360WPD/	1874920105	ENCODE_Processing_Pipeline	8d5b5dacff37b061649574e74e296f3c		https://www.encodeproject.org/files/ENCFF481PVI/@@download/ENCFF481PVI.bigWig				released	s3://encode-public/2019/07/24/56f85b62-52a5-48d7-a5d0-2fa49e315d80/ENCFF481PVI.bigWig	https://datasetencode.blob.core.windows.net/dataset/2019/07/24/56f85b62-52a5-48d7-a5d0-2fa49e315d80/ENCFF481PVI.bigWig?sv=2019-10-10&si=prod&sr=c&sig=9qSQZo4ggrCNpybBExU8SypuUZV33igI11xw0P7rB3c%3D	ENCODE3_hg19	archived			
ENCFF179PGH	bed_narrowPeak	bed	narrowPeak	pseudoreplicated_peaks	hg19	ENCSR158WBG	Histone_ChIP-seq	/human-donors/ENCDO451RUA/	UBERON:0000945	stomach	tissue	Homo_sapiens										H3K4me1-human	DNA						2019-08-01	ENCODE		sonication_(generic)	200-600	1	1_1,_1_2							/files/ENCFF567SLZ/	1551391	ENCODE_Processing_Pipeline	b3849938bb7fc3f4d1cf22388882b66a		https://www.encodeproject.org/files/ENCFF179PGH/@@download/ENCFF179PGH.bed.gz				released	s3://encode-public/2019/07/24/dad2599f-44c9-41c8-9b4c-cea45b75cc64/ENCFF179PGH.bed.gz	https://datasetencode.blob.core.windows.net/dataset/2019/07/24/dad2599f-44c9-41c8-9b4c-cea45b75cc64/ENCFF179PGH.bed.gz?sv=2019-10-10&si=prod&sr=c&sig=9qSQZo4ggrCNpybBExU8SypuUZV33igI11xw0P7rB3c%3D	ENCODE3_hg19	archived			
ENCFF844XRN	bigBed_narrowPeak	bigBed	narrowPeak	pseudoreplicated_peaks	GRCh38	ENCSR158WBG	Histone_ChIP-seq	/human-donors/ENCDO451RUA/	UBERON:0000945	stomach	tissue	Homo_sapiens										H3K4me1-human	DNA						2019-08-01	ENCODE		sonication_(generic)	200-600	1	1_1,_1_2							/files/ENCFF099DGT/	3381950	ENCODE_Processing_Pipeline	de679228721fb4055aa1f657c77c21a6		https://www.encodeproject.org/files/ENCFF844XRN/@@download/ENCFF844XRN.bigBed				released	s3://encode-public/2019/07/24/15c25c6e-89ab-4f64-bc70-98a2a3c77f06/ENCFF844XRN.bigBed	https://datasetencode.blob.core.windows.net/dataset/2019/07/24/15c25c6e-89ab-4f64-bc70-98a2a3c77f06/ENCFF844XRN.bigBed?sv=2019-10-10&si=prod&sr=c&sig=9qSQZo4ggrCNpybBExU8SypuUZV33igI11xw0P7rB3c%3D	ENCODE3_GRCh38	archived			
ENCFF787VRX	bigBed_narrowPeak	bigBed	narrowPeak	pseudoreplicated_peaks	hg19	ENCSR158WBG	Histone_ChIP-seq	/human-donors/ENCDO451RUA/	UBERON:0000945	stomach	tissue	Homo_sapiens										H3K4me1-human	DNA						2019-08-01	ENCODE		sonication_(generic)	200-600	1	1_1,_1_2							/files/ENCFF179PGH/	3430617	ENCODE_Processing_Pipeline	989cf2d46c110cf97fd162c90dd6c7a0		https://www.encodeproject.org/files/ENCFF787VRX/@@download/ENCFF787VRX.bigBed				released	s3://encode-public/2019/07/24/4ee62375-66de-49d0-a12c-7d94a9debef3/ENCFF787VRX.bigBed	https://datasetencode.blob.core.windows.net/dataset/2019/07/24/4ee62375-66de-49d0-a12c-7d94a9debef3/ENCFF787VRX.bigBed?sv=2019-10-10&si=prod&sr=c&sig=9qSQZo4ggrCNpybBExU8SypuUZV33igI11xw0P7rB3c%3D	ENCODE3_hg19	archived			
ENCFF044KYF	fastq	fastq		reads		ENCSR158WBG	Histone_ChIP-seq	/human-donors/ENCDO451RUA/	UBERON:0000945	stomach	tissue	Homo_sapiens										H3K4me1-human	DNA						2019-08-01	ENCODE		sonication_(generic)	200-600	1	1_1	76		single-ended					1468958271	Bradley_Bernstein,_Broad	1f166bfbb235eb9dd8213404c2a43db2	SRA:SRR10837545	https://www.encodeproject.org/files/ENCFF044KYF/@@download/ENCFF044KYF.fastq.gz		Illumina_HiSeq_2500		released	s3://encode-public/2017/12/07/64d02c10-5ecd-4c31-a1d6-e4d319d87155/ENCFF044KYF.fastq.gz	https://datasetencode.blob.core.windows.net/dataset/2017/12/07/64d02c10-5ecd-4c31-a1d6-e4d319d87155/ENCFF044KYF.fastq.gz?sv=2019-10-10&si=prod&sr=c&sig=9qSQZo4ggrCNpybBExU8SypuUZV33igI11xw0P7rB3c%3D			missing_controlled_by		
ENCFF990WYX	fastq	fastq		reads		ENCSR158WBG	Histone_ChIP-seq	/human-donors/ENCDO451RUA/	UBERON:0000945	stomach	tissue	Homo_sapiens										H3K4me1-human	DNA						2019-08-01	ENCODE		sonication_(generic)	200-600	1	1_1	76		single-ended					1508683102	Bradley_Bernstein,_Broad	d983fad8dba4c3dc89ccd4008e8a7000	SRA:SRR10837546	https://www.encodeproject.org/files/ENCFF990WYX/@@download/ENCFF990WYX.fastq.gz		Illumina_HiSeq_2500		released	s3://encode-public/2017/12/07/b4ea9456-2dc4-4e53-b6b9-8191413eaa8b/ENCFF990WYX.fastq.gz	https://datasetencode.blob.core.windows.net/dataset/2017/12/07/b4ea9456-2dc4-4e53-b6b9-8191413eaa8b/ENCFF990WYX.fastq.gz?sv=2019-10-10&si=prod&sr=c&sig=9qSQZo4ggrCNpybBExU8SypuUZV33igI11xw0P7rB3c%3D			missing_controlled_by		
ENCFF345LUP	bam	bam		unfiltered_alignments	GRCh38	ENCSR158WBG	Histone_ChIP-seq	/human-donors/ENCDO451RUA/	UBERON:0000945	stomach	tissue	Homo_sapiens										H3K4me1-human	DNA						2019-08-01	ENCODE		sonication_(generic)	200-600	1	1_1,_1_2		76					/files/ENCFF044KYF/,_/files/ENCFF471UAJ/,_/files/ENCFF848VRD/,_/files/ENCFF110MCL/,_/files/ENCFF990WYX/	5459887298	ENCODE_Processing_Pipeline	c2ef422439c6db30d285e2f553e63525		https://www.encodeproject.org/files/ENCFF345LUP/@@download/ENCFF345LUP.bam				released	s3://encode-public/2020/09/22/e365205b-654d-4571-86a1-70462e259b6b/ENCFF345LUP.bam	https://datasetencode.blob.core.windows.net/dataset/2020/09/22/e365205b-654d-4571-86a1-70462e259b6b/ENCFF345LUP.bam?sv=2019-10-10&si=prod&sr=c&sig=9qSQZo4ggrCNpybBExU8SypuUZV33igI11xw0P7rB3c%3D	ENCODE4_v1.5.1_GRCh38	released			
ENCFF392ZIV	bam	bam		alignments	GRCh38	ENCSR158WBG	Histone_ChIP-seq	/human-donors/ENCDO451RUA/	UBERON:0000945	stomach	tissue	Homo_sapiens										H3K4me1-human	DNA						2019-08-01	ENCODE		sonication_(generic)	200-600	1	1_1,_1_2		76					/files/ENCFF044KYF/,_/files/ENCFF471UAJ/,_/files/ENCFF848VRD/,_/files/ENCFF110MCL/,_/files/ENCFF990WYX/	4570108443	ENCODE_Processing_Pipeline	409710a89e0c920b54350314e3e1f094		https://www.encodeproject.org/files/ENCFF392ZIV/@@download/ENCFF392ZIV.bam				released	s3://encode-public/2020/09/22/96e32bac-4c6d-4792-b845-19c8beb48954/ENCFF392ZIV.bam	https://datasetencode.blob.core.windows.net/dataset/2020/09/22/96e32bac-4c6d-4792-b845-19c8beb48954/ENCFF392ZIV.bam?sv=2019-10-10&si=prod&sr=c&sig=9qSQZo4ggrCNpybBExU8SypuUZV33igI11xw0P7rB3c%3D	ENCODE4_v1.5.1_GRCh38	released			
ENCFF003PFV	bigWig	bigWig		fold_change_over_control	GRCh38	ENCSR158WBG	Histone_ChIP-seq	/human-donors/ENCDO451RUA/	UBERON:0000945	stomach	tissue	Homo_sapiens										H3K4me1-human	DNA						2019-08-01	ENCODE		sonication_(generic)	200-600	1	1_1,_1_2							/files/ENCFF392ZIV/,_/files/ENCFF829IOW/	1859919572	ENCODE_Processing_Pipeline	2206c4273db6ff32cc81d6664dfc0948		https://www.encodeproject.org/files/ENCFF003PFV/@@download/ENCFF003PFV.bigWig				released	s3://encode-public/2020/09/22/de4204f0-a9be-45e3-8fda-0a028a07e78e/ENCFF003PFV.bigWig	https://datasetencode.blob.core.windows.net/dataset/2020/09/22/de4204f0-a9be-45e3-8fda-0a028a07e78e/ENCFF003PFV.bigWig?sv=2019-10-10&si=prod&sr=c&sig=9qSQZo4ggrCNpybBExU8SypuUZV33igI11xw0P7rB3c%3D	ENCODE4_v1.5.1_GRCh38	released			
ENCFF420SUI	bed_narrowPeak	bed	narrowPeak	pseudoreplicated_peaks	GRCh38	ENCSR158WBG	Histone_ChIP-seq	/human-donors/ENCDO451RUA/	UBERON:0000945	stomach	tissue	Homo_sapiens										H3K4me1-human	DNA						2019-08-01	ENCODE		sonication_(generic)	200-600	1	1_1,_1_2							/files/ENCFF392ZIV/,_/files/ENCFF356LFX/,_/files/ENCFF829IOW/	1547329	ENCODE_Processing_Pipeline	5e70dfb31f7f9f2adb188b3148520364		https://www.encodeproject.org/files/ENCFF420SUI/@@download/ENCFF420SUI.bed.gz				released	s3://encode-public/2020/09/22/f9c5f316-ebbb-4b73-843a-0cc80076b7c9/ENCFF420SUI.bed.gz	https://datasetencode.blob.core.windows.net/dataset/2020/09/22/f9c5f316-ebbb-4b73-843a-0cc80076b7c9/ENCFF420SUI.bed.gz?sv=2019-10-10&si=prod&sr=c&sig=9qSQZo4ggrCNpybBExU8SypuUZV33igI11xw0P7rB3c%3D	ENCODE4_v1.5.1_GRCh38	released			
ENCFF372FFI	bigBed_narrowPeak	bigBed	narrowPeak	pseudoreplicated_peaks	GRCh38	ENCSR158WBG	Histone_ChIP-seq	/human-donors/ENCDO451RUA/	UBERON:0000945	stomach	tissue	Homo_sapiens										H3K4me1-human	DNA						2019-08-01	ENCODE		sonication_(generic)	200-600	1	1_1,_1_2							/files/ENCFF420SUI/	3427252	ENCODE_Processing_Pipeline	df47bfc7460272f3aed67502d08d3655		https://www.encodeproject.org/files/ENCFF372FFI/@@download/ENCFF372FFI.bigBed				released	s3://encode-public/2020/09/22/b22d29ab-8760-4e99-bd01-634240ce00df/ENCFF372FFI.bigBed	https://datasetencode.blob.core.windows.net/dataset/2020/09/22/b22d29ab-8760-4e99-bd01-634240ce00df/ENCFF372FFI.bigBed?sv=2019-10-10&si=prod&sr=c&sig=9qSQZo4ggrCNpybBExU8SypuUZV33igI11xw0P7rB3c%3D	ENCODE4_v1.5.1_GRCh38	released			
ENCFF501JSP	fastq	fastq		reads		ENCSR775LGE	Histone_ChIP-seq	/human-donors/ENCDO451RUA/	UBERON:0001159	sigmoid_colon	tissue	Homo_sapiens										H3K4me1-human	DNA						2019-08-01	ENCODE		sonication_(generic),_none	200-600	1	1_2	76		single-ended					780185340	Bradley_Bernstein,_Broad	117643f578d6132b376906b93d92b05d	SRA:SRR10838414	https://www.encodeproject.org/files/ENCFF501JSP/@@download/ENCFF501JSP.fastq.gz		Illumina_HiSeq_2500		released	s3://encode-public/2019/04/27/07eea82d-1bec-46bb-872c-07b6c784fd81/ENCFF501JSP.fastq.gz	https://datasetencode.blob.core.windows.net/dataset/2019/04/27/07eea82d-1bec-46bb-872c-07b6c784fd81/ENCFF501JSP.fastq.gz?sv=2019-10-10&si=prod&sr=c&sig=9qSQZo4ggrCNpybBExU8SypuUZV33igI11xw0P7rB3c%3D			missing_controlled_by		
ENCFF363OBC	fastq	fastq		reads		ENCSR775LGE	Histone_ChIP-seq	/human-donors/ENCDO451RUA/	UBERON:0001159	sigmoid_colon	tissue	Homo_sapiens										H3K4me1-human	DNA						2019-08-01	ENCODE		sonication_(generic),_none	200-600	1	1_2	76		single-ended					774699791	Bradley_Bernstein,_Broad	f5eda442058e72491ecf51f409ae0e66	SRA:SRR10838415	https://www.encodeproject.org/files/ENCFF363OBC/@@download/ENCFF363OBC.fastq.gz		Illumina_HiSeq_2500		released	s3://encode-public/2019/04/27/013c7798-edfe-479a-b6cd-4dc9b2ccd122/ENCFF363OBC.fastq.gz	https://datasetencode.blob.core.windows.net/dataset/2019/04/27/013c7798-edfe-479a-b6cd-4dc9b2ccd122/ENCFF363OBC.fastq.gz?sv=2019-10-10&si=prod&sr=c&sig=9qSQZo4ggrCNpybBExU8SypuUZV33igI11xw0P7rB3c%3D			missing_controlled_by		
ENCFF827ZIK	bam	bam		unfiltered_alignments	hg19	ENCSR775LGE	Histone_ChIP-seq	/human-donors/ENCDO451RUA/	UBERON:0001159	sigmoid_colon	tissue	Homo_sapiens										H3K4me1-human	DNA						2019-08-01	ENCODE		sonication_(generic),_none	200-600	1	1_1,_1_2		76					/files/ENCFF363OBC/,_/files/ENCFF180FFB/,_/files/ENCFF807MUK/,_/files/ENCFF501JSP/,_/files/ENCFF776LIT/,_/files/ENCFF063DQC/,_/files/ENCFF005ROI/	4509928683	ENCODE_Processing_Pipeline	216c0442c95216d18e3f269b42f41841		https://www.encodeproject.org/files/ENCFF827ZIK/@@download/ENCFF827ZIK.bam				released	s3://encode-public/2019/07/17/ee8dce34-2236-4b56-a302-04a1ea620bf0/ENCFF827ZIK.bam	https://datasetencode.blob.core.windows.net/dataset/2019/07/17/ee8dce34-2236-4b56-a302-04a1ea620bf0/ENCFF827ZIK.bam?sv=2019-10-10&si=prod&sr=c&sig=9qSQZo4ggrCNpybBExU8SypuUZV33igI11xw0P7rB3c%3D	ENCODE3_hg19	archived			
ENCFF070XCS	bam	bam		unfiltered_alignments	GRCh38	ENCSR775LGE	Histone_ChIP-seq	/human-donors/ENCDO451RUA/	UBERON:0001159	sigmoid_colon	tissue	Homo_sapiens										H3K4me1-human	DNA						2019-08-01	ENCODE		sonication_(generic),_none	200-600	1	1_1,_1_2		76					/files/ENCFF643CGH/,_/files/ENCFF363OBC/,_/files/ENCFF180FFB/,_/files/ENCFF501JSP/,_/files/ENCFF776LIT/,_/files/ENCFF063DQC/,_/files/ENCFF005ROI/	4519103319	ENCODE_Processing_Pipeline	5b8ab4649900ca48b359b0aa9cb74a90		https://www.encodeproject.org/files/ENCFF070XCS/@@download/ENCFF070XCS.bam				released	s3://encode-public/2019/07/17/7ad91188-02da-4665-b05d-b4a19a243257/ENCFF070XCS.bam	https://datasetencode.blob.core.windows.net/dataset/2019/07/17/7ad91188-02da-4665-b05d-b4a19a243257/ENCFF070XCS.bam?sv=2019-10-10&si=prod&sr=c&sig=9qSQZo4ggrCNpybBExU8SypuUZV33igI11xw0P7rB3c%3D	ENCODE3_GRCh38	archived			
ENCFF010PJQ	bam	bam		alignments	GRCh38	ENCSR775LGE	Histone_ChIP-seq	/human-donors/ENCDO451RUA/	UBERON:0001159	sigmoid_colon	tissue	Homo_sapiens										H3K4me1-human	DNA						2019-08-01	ENCODE		sonication_(generic),_none	200-600	1	1_1,_1_2		76					/files/ENCFF643CGH/,_/files/ENCFF363OBC/,_/files/ENCFF180FFB/,_/files/ENCFF501JSP/,_/files/ENCFF776LIT/,_/files/ENCFF063DQC/,_/files/ENCFF005ROI/	3843810961	ENCODE_Processing_Pipeline	f4cf4628a955c5f3481a05f6bcd4dbda		https://www.encodeproject.org/files/ENCFF010PJQ/@@download/ENCFF010PJQ.bam				released	s3://encode-public/2019/07/17/0fe0a373-6810-45e8-b57e-500adb471025/ENCFF010PJQ.bam	https://datasetencode.blob.core.windows.net/dataset/2019/07/17/0fe0a373-6810-45e8-b57e-500adb471025/ENCFF010PJQ.bam?sv=2019-10-10&si=prod&sr=c&sig=9qSQZo4ggrCNpybBExU8SypuUZV33igI11xw0P7rB3c%3D	ENCODE3_GRCh38	archived			
ENCFF382VJQ	bam	bam		alignments	hg19	ENCSR775LGE	Histone_ChIP-seq	/human-donors/ENCDO451RUA/	UBERON:0001159	sigmoid_colon	tissue	Homo_sapiens										H3K4me1-human	DNA						2019-08-01	ENCODE		sonication_(generic),_none	200-600	1	1_1,_1_2		76					/files/ENCFF363OBC/,_/files/ENCFF180FFB/,_/files/ENCFF807MUK/,_/files/ENCFF501JSP/,_/files/ENCFF776LIT/,_/files/ENCFF063DQC/,_/files/ENCFF005ROI/	3840109218	ENCODE_Processing_Pipeline	a0474bebd974e2ddcbe5ddd2ed5e839b		https://www.encodeproject.org/files/ENCFF382VJQ/@@download/ENCFF382VJQ.bam				released	s3://encode-public/2019/07/17/58d69c3c-3029-4490-8ca5-710f8512ad4c/ENCFF382VJQ.bam	https://datasetencode.blob.core.windows.net/dataset/2019/07/17/58d69c3c-3029-4490-8ca5-710f8512ad4c/ENCFF382VJQ.bam?sv=2019-10-10&si=prod&sr=c&sig=9qSQZo4ggrCNpybBExU8SypuUZV33igI11xw0P7rB3c%3D	ENCODE3_hg19	archived			
ENCFF394QTU	bed_narrowPeak	bed	narrowPeak	peaks	hg19	ENCSR775LGE	Histone_ChIP-seq	/human-donors/ENCDO451RUA/	UBERON:0001159	sigmoid_colon	tissue	Homo_sapiens										H3K4me1-human	DNA						2019-08-01	ENCODE		sonication_(generic),_none	200-600	1	1_1,_1_2							/files/ENCFF349BOR/,_/files/ENCFF382VJQ/	3234857	ENCODE_Processing_Pipeline	40ac058572bb3a2b5ee9912aff38e6e4		https://www.encodeproject.org/files/ENCFF394QTU/@@download/ENCFF394QTU.bed.gz				released	s3://encode-public/2019/07/24/61ffff50-fa44-4642-baba-765b46d2ad3a/ENCFF394QTU.bed.gz	https://datasetencode.blob.core.windows.net/dataset/2019/07/24/61ffff50-fa44-4642-baba-765b46d2ad3a/ENCFF394QTU.bed.gz?sv=2019-10-10&si=prod&sr=c&sig=9qSQZo4ggrCNpybBExU8SypuUZV33igI11xw0P7rB3c%3D	ENCODE3_hg19	archived			
ENCFF008QCL	bed_narrowPeak	bed	narrowPeak	peaks	GRCh38	ENCSR775LGE	Histone_ChIP-seq	/human-donors/ENCDO451RUA/	UBERON:0001159	sigmoid_colon	tissue	Homo_sapiens										H3K4me1-human	DNA						2019-08-01	ENCODE		sonication_(generic),_none	200-600	1	1_1,_1_2							/files/ENCFF535IMT/,_/files/ENCFF010PJQ/	3087364	ENCODE_Processing_Pipeline	62748eb2b8d1ce3a9c560272d330f7bc		https://www.encodeproject.org/files/ENCFF008QCL/@@download/ENCFF008QCL.bed.gz				released	s3://encode-public/2019/07/24/1b6b8757-b9fd-4efd-9d90-bfc43341fc75/ENCFF008QCL.bed.gz	https://datasetencode.blob.core.windows.net/dataset/2019/07/24/1b6b8757-b9fd-4efd-9d90-bfc43341fc75/ENCFF008QCL.bed.gz?sv=2019-10-10&si=prod&sr=c&sig=9qSQZo4ggrCNpybBExU8SypuUZV33igI11xw0P7rB3c%3D	ENCODE3_GRCh38	archived			
ENCFF588OCE	bigBed_narrowPeak	bigBed	narrowPeak	peaks	GRCh38	ENCSR775LGE	Histone_ChIP-seq	/human-donors/ENCDO451RUA/	UBERON:0001159	sigmoid_colon	tissue	Homo_sapiens										H3K4me1-human	DNA						2019-08-01	ENCODE		sonication_(generic),_none	200-600	1	1_1,_1_2							/files/ENCFF008QCL/	8455830	ENCODE_Processing_Pipeline	4e61136e1268949d4c461a1ffc391652		https://www.encodeproject.org/files/ENCFF588OCE/@@download/ENCFF588OCE.bigBed				released	s3://encode-public/2019/07/24/8bd532f4-5105-411f-9147-88795fe0412e/ENCFF588OCE.bigBed	https://datasetencode.blob.core.windows.net/dataset/2019/07/24/8bd532f4-5105-411f-9147-88795fe0412e/ENCFF588OCE.bigBed?sv=2019-10-10&si=prod&sr=c&sig=9qSQZo4ggrCNpybBExU8SypuUZV33igI11xw0P7rB3c%3D	ENCODE3_GRCh38	archived			
ENCFF850EZL	bigBed_narrowPeak	bigBed	narrowPeak	peaks	hg19	ENCSR775LGE	Histone_ChIP-seq	/human-donors/ENCDO451RUA/	UBERON:0001159	sigmoid_colon	tissue	Homo_sapiens										H3K4me1-human	DNA						2019-08-01	ENCODE		sonication_(generic),_none	200-600	1	1_1,_1_2							/files/ENCFF394QTU/	8835536	ENCODE_Processing_Pipeline	9b962c4c948242122c1b2a30887ce06b		https://www.encodeproject.org/files/ENCFF850EZL/@@download/ENCFF850EZL.bigBed				released	s3://encode-public/2019/07/24/43e5bd17-8bd4-4bd5-86fd-e45a8fe86c59/ENCFF850EZL.bigBed	https://datasetencode.blob.core.windows.net/dataset/2019/07/24/43e5bd17-8bd4-4bd5-86fd-e45a8fe86c59/ENCFF850EZL.bigBed?sv=2019-10-10&si=prod&sr=c&sig=9qSQZo4ggrCNpybBExU8SypuUZV33igI11xw0P7rB3c%3D	ENCODE3_hg19	archived			
ENCFF427WMO	bigWig	bigWig		signal_p-value	hg19	ENCSR775LGE	Histone_ChIP-seq	/human-donors/ENCDO451RUA/	UBERON:0001159	sigmoid_colon	tissue	Homo_sapiens										H3K4me1-human	DNA						2019-08-01	ENCODE		sonication_(generic),_none	200-600	1	1_1,_1_2							/files/ENCFF349BOR/,_/files/ENCFF382VJQ/	1404941587	ENCODE_Processing_Pipeline	9ec4d32d09aaa6335ce684071d2c6606		https://www.encodeproject.org/files/ENCFF427WMO/@@download/ENCFF427WMO.bigWig				released	s3://encode-public/2019/07/24/768642eb-0aff-4e6c-9679-758c68cbde42/ENCFF427WMO.bigWig	https://datasetencode.blob.core.windows.net/dataset/2019/07/24/768642eb-0aff-4e6c-9679-758c68cbde42/ENCFF427WMO.bigWig?sv=2019-10-10&si=prod&sr=c&sig=9qSQZo4ggrCNpybBExU8SypuUZV33igI11xw0P7rB3c%3D	ENCODE3_hg19	archived			
ENCFF418YJB	bigWig	bigWig		signal_p-value	GRCh38	ENCSR775LGE	Histone_ChIP-seq	/human-donors/ENCDO451RUA/	UBERON:0001159	sigmoid_colon	tissue	Homo_sapiens										H3K4me1-human	DNA						2019-08-01	ENCODE		sonication_(generic),_none	200-600	1	1_1,_1_2							/files/ENCFF535IMT/,_/files/ENCFF010PJQ/	1444987658	ENCODE_Processing_Pipeline	ceb1520161ea00482202755f198bf8ec		https://www.encodeproject.org/files/ENCFF418YJB/@@download/ENCFF418YJB.bigWig				released	s3://encode-public/2019/07/24/d40ad3c7-a8db-4715-af6b-a0ad89099343/ENCFF418YJB.bigWig	https://datasetencode.blob.core.windows.net/dataset/2019/07/24/d40ad3c7-a8db-4715-af6b-a0ad89099343/ENCFF418YJB.bigWig?sv=2019-10-10&si=prod&sr=c&sig=9qSQZo4ggrCNpybBExU8SypuUZV33igI11xw0P7rB3c%3D	ENCODE3_GRCh38	archived			
ENCFF603RWP	bigWig	bigWig		fold_change_over_control	GRCh38	ENCSR775LGE	Histone_ChIP-seq	/human-donors/ENCDO451RUA/	UBERON:0001159	sigmoid_colon	tissue	Homo_sapiens										H3K4me1-human	DNA						2019-08-01	ENCODE		sonication_(generic),_none	200-600	1	1_1,_1_2							/files/ENCFF535IMT/,_/files/ENCFF010PJQ/	1768027690	ENCODE_Processing_Pipeline	c393d83187477ce89ff74f7e20fc8968		https://www.encodeproject.org/files/ENCFF603RWP/@@download/ENCFF603RWP.bigWig				released	s3://encode-public/2019/07/24/2986b5a1-2f40-4a77-9af0-7b177787c19e/ENCFF603RWP.bigWig	https://datasetencode.blob.core.windows.net/dataset/2019/07/24/2986b5a1-2f40-4a77-9af0-7b177787c19e/ENCFF603RWP.bigWig?sv=2019-10-10&si=prod&sr=c&sig=9qSQZo4ggrCNpybBExU8SypuUZV33igI11xw0P7rB3c%3D	ENCODE3_GRCh38	archived			
ENCFF169CFS	bigWig	bigWig		fold_change_over_control	hg19	ENCSR775LGE	Histone_ChIP-seq	/human-donors/ENCDO451RUA/	UBERON:0001159	sigmoid_colon	tissue	Homo_sapiens										H3K4me1-human	DNA						2019-08-01	ENCODE		sonication_(generic),_none	200-600	1	1_1,_1_2							/files/ENCFF349BOR/,_/files/ENCFF382VJQ/	1770610553	ENCODE_Processing_Pipeline	90e58ccb921c5e8175e82d823605c347		https://www.encodeproject.org/files/ENCFF169CFS/@@download/ENCFF169CFS.bigWig				released	s3://encode-public/2019/07/24/fc7b7153-4c51-4998-a4a7-fd2ca0bbe718/ENCFF169CFS.bigWig	https://datasetencode.blob.core.windows.net/dataset/2019/07/24/fc7b7153-4c51-4998-a4a7-fd2ca0bbe718/ENCFF169CFS.bigWig?sv=2019-10-10&si=prod&sr=c&sig=9qSQZo4ggrCNpybBExU8SypuUZV33igI11xw0P7rB3c%3D	ENCODE3_hg19	archived			
ENCFF299XDT	bed_narrowPeak	bed	narrowPeak	pseudoreplicated_peaks	hg19	ENCSR775LGE	Histone_ChIP-seq	/human-donors/ENCDO451RUA/	UBERON:0001159	sigmoid_colon	tissue	Homo_sapiens										H3K4me1-human	DNA						2019-08-01	ENCODE		sonication_(generic),_none	200-600	1	1_1,_1_2							/files/ENCFF394QTU/	2371664	ENCODE_Processing_Pipeline	de8f740240c362af78d543f16929cfbf		https://www.encodeproject.org/files/ENCFF299XDT/@@download/ENCFF299XDT.bed.gz				released	s3://encode-public/2019/07/24/ee9d4efb-d754-46d7-9ea9-e6d3d2359322/ENCFF299XDT.bed.gz	https://datasetencode.blob.core.windows.net/dataset/2019/07/24/ee9d4efb-d754-46d7-9ea9-e6d3d2359322/ENCFF299XDT.bed.gz?sv=2019-10-10&si=prod&sr=c&sig=9qSQZo4ggrCNpybBExU8SypuUZV33igI11xw0P7rB3c%3D	ENCODE3_hg19	archived			
ENCFF177EMQ	bigBed_narrowPeak	bigBed	narrowPeak	pseudoreplicated_peaks	hg19	ENCSR775LGE	Histone_ChIP-seq	/human-donors/ENCDO451RUA/	UBERON:0001159	sigmoid_colon	tissue	Homo_sapiens										H3K4me1-human	DNA						2019-08-01	ENCODE		sonication_(generic),_none	200-600	1	1_1,_1_2							/files/ENCFF299XDT/	4789009	ENCODE_Processing_Pipeline	1b12655a9b7370f4fbc6939706d3b158		https://www.encodeproject.org/files/ENCFF177EMQ/@@download/ENCFF177EMQ.bigBed				released	s3://encode-public/2019/07/24/97353b01-c126-42a4-a36d-46249c73d516/ENCFF177EMQ.bigBed	https://datasetencode.blob.core.windows.net/dataset/2019/07/24/97353b01-c126-42a4-a36d-46249c73d516/ENCFF177EMQ.bigBed?sv=2019-10-10&si=prod&sr=c&sig=9qSQZo4ggrCNpybBExU8SypuUZV33igI11xw0P7rB3c%3D	ENCODE3_hg19	archived			
ENCFF487CDU	bigBed_narrowPeak	bigBed	narrowPeak	pseudoreplicated_peaks	GRCh38	ENCSR775LGE	Histone_ChIP-seq	/human-donors/ENCDO451RUA/	UBERON:0001159	sigmoid_colon	tissue	Homo_sapiens										H3K4me1-human	DNA						2019-08-01	ENCODE		sonication_(generic),_none	200-600	1	1_1,_1_2							/files/ENCFF442KWF/	4708398	ENCODE_Processing_Pipeline	1ef263706e951b207db41acebc0c30f4		https://www.encodeproject.org/files/ENCFF487CDU/@@download/ENCFF487CDU.bigBed				released	s3://encode-public/2019/07/24/583c07cb-5f72-4927-9bf9-114887f2fed1/ENCFF487CDU.bigBed	https://datasetencode.blob.core.windows.net/dataset/2019/07/24/583c07cb-5f72-4927-9bf9-114887f2fed1/ENCFF487CDU.bigBed?sv=2019-10-10&si=prod&sr=c&sig=9qSQZo4ggrCNpybBExU8SypuUZV33igI11xw0P7rB3c%3D	ENCODE3_GRCh38	archived			
ENCFF442KWF	bed_narrowPeak	bed	narrowPeak	pseudoreplicated_peaks	GRCh38	ENCSR775LGE	Histone_ChIP-seq	/human-donors/ENCDO451RUA/	UBERON:0001159	sigmoid_colon	tissue	Homo_sapiens										H3K4me1-human	DNA						2019-08-01	ENCODE		sonication_(generic),_none	200-600	1	1_1,_1_2							/files/ENCFF008QCL/	2335877	ENCODE_Processing_Pipeline	afbf0abc4840d6630205d192c0004576		https://www.encodeproject.org/files/ENCFF442KWF/@@download/ENCFF442KWF.bed.gz				released	s3://encode-public/2019/07/24/54404faf-1d2e-4173-9948-343eff9f9f0e/ENCFF442KWF.bed.gz	https://datasetencode.blob.core.windows.net/dataset/2019/07/24/54404faf-1d2e-4173-9948-343eff9f9f0e/ENCFF442KWF.bed.gz?sv=2019-10-10&si=prod&sr=c&sig=9qSQZo4ggrCNpybBExU8SypuUZV33igI11xw0P7rB3c%3D	ENCODE3_GRCh38	archived			
ENCFF063DQC	fastq	fastq		reads		ENCSR775LGE	Histone_ChIP-seq	/human-donors/ENCDO451RUA/	UBERON:0001159	sigmoid_colon	tissue	Homo_sapiens										H3K4me1-human	DNA						2019-08-01	ENCODE		sonication_(generic),_none	200-600	1	1_1	76		single-ended					543213636	Bradley_Bernstein,_Broad	7c0ecae6aaa5bfb997f826430f17587a	SRA:SRR10838410	https://www.encodeproject.org/files/ENCFF063DQC/@@download/ENCFF063DQC.fastq.gz		Illumina_HiSeq_2500		released	s3://encode-public/2017/12/07/9eb006e0-37e3-4876-9fb2-bdddee497756/ENCFF063DQC.fastq.gz	https://datasetencode.blob.core.windows.net/dataset/2017/12/07/9eb006e0-37e3-4876-9fb2-bdddee497756/ENCFF063DQC.fastq.gz?sv=2019-10-10&si=prod&sr=c&sig=9qSQZo4ggrCNpybBExU8SypuUZV33igI11xw0P7rB3c%3D			missing_controlled_by		
ENCFF776LIT	fastq	fastq		reads		ENCSR775LGE	Histone_ChIP-seq	/human-donors/ENCDO451RUA/	UBERON:0001159	sigmoid_colon	tissue	Homo_sapiens										H3K4me1-human	DNA						2019-08-01	ENCODE		sonication_(generic),_none	200-600	1	1_1	76		single-ended					1159778501	Bradley_Bernstein,_Broad	b321cbc175a63308f39f4c48d4c6e124	SRA:SRR10838411	https://www.encodeproject.org/files/ENCFF776LIT/@@download/ENCFF776LIT.fastq.gz		Illumina_HiSeq_2500		released	s3://encode-public/2017/12/07/1d5af007-2f6e-4ebe-979a-95e4f657a459/ENCFF776LIT.fastq.gz	https://datasetencode.blob.core.windows.net/dataset/2017/12/07/1d5af007-2f6e-4ebe-979a-95e4f657a459/ENCFF776LIT.fastq.gz?sv=2019-10-10&si=prod&sr=c&sig=9qSQZo4ggrCNpybBExU8SypuUZV33igI11xw0P7rB3c%3D			missing_controlled_by		
ENCFF005ROI	fastq	fastq		reads		ENCSR775LGE	Histone_ChIP-seq	/human-donors/ENCDO451RUA/	UBERON:0001159	sigmoid_colon	tissue	Homo_sapiens										H3K4me1-human	DNA						2019-08-01	ENCODE		sonication_(generic),_none	200-600	1	1_1	76		single-ended					544202708	Bradley_Bernstein,_Broad	335e55267be800dc657c3c5af42955c4	SRA:SRR10838412	https://www.encodeproject.org/files/ENCFF005ROI/@@download/ENCFF005ROI.fastq.gz		Illumina_HiSeq_2500		released	s3://encode-public/2017/12/07/10abb2ee-ac48-4f6a-8564-732eeedcdb41/ENCFF005ROI.fastq.gz	https://datasetencode.blob.core.windows.net/dataset/2017/12/07/10abb2ee-ac48-4f6a-8564-732eeedcdb41/ENCFF005ROI.fastq.gz?sv=2019-10-10&si=prod&sr=c&sig=9qSQZo4ggrCNpybBExU8SypuUZV33igI11xw0P7rB3c%3D			missing_controlled_by		
ENCFF180FFB	fastq	fastq		reads		ENCSR775LGE	Histone_ChIP-seq	/human-donors/ENCDO451RUA/	UBERON:0001159	sigmoid_colon	tissue	Homo_sapiens										H3K4me1-human	DNA						2019-08-01	ENCODE		sonication_(generic),_none	200-600	1	1_1	76		single-ended					1117050675	Bradley_Bernstein,_Broad	ea1efcf7d559bde2d28f0ddef4468db0	SRA:SRR10838413	https://www.encodeproject.org/files/ENCFF180FFB/@@download/ENCFF180FFB.fastq.gz		Illumina_HiSeq_2500		released	s3://encode-public/2017/12/07/cf2d594c-b079-4111-a061-683154c44496/ENCFF180FFB.fastq.gz	https://datasetencode.blob.core.windows.net/dataset/2017/12/07/cf2d594c-b079-4111-a061-683154c44496/ENCFF180FFB.fastq.gz?sv=2019-10-10&si=prod&sr=c&sig=9qSQZo4ggrCNpybBExU8SypuUZV33igI11xw0P7rB3c%3D			missing_controlled_by		
ENCFF342IFO	bam	bam		unfiltered_alignments	GRCh38	ENCSR775LGE	Histone_ChIP-seq	/human-donors/ENCDO451RUA/	UBERON:0001159	sigmoid_colon	tissue	Homo_sapiens										H3K4me1-human	DNA						2019-08-01	ENCODE		sonication_(generic),_none	200-600	1	1_1,_1_2		76					/files/ENCFF501JSP/,_/files/ENCFF110MCL/,_/files/ENCFF063DQC/,_/files/ENCFF005ROI/,_/files/ENCFF363OBC/,_/files/ENCFF776LIT/,_/files/ENCFF180FFB/	4530615268	ENCODE_Processing_Pipeline	4dbf1cc4c5cb1caa63e0db4cd8b74466		https://www.encodeproject.org/files/ENCFF342IFO/@@download/ENCFF342IFO.bam				released	s3://encode-public/2020/09/21/a58dea23-6cb3-46a2-af37-71229844a366/ENCFF342IFO.bam	https://datasetencode.blob.core.windows.net/dataset/2020/09/21/a58dea23-6cb3-46a2-af37-71229844a366/ENCFF342IFO.bam?sv=2019-10-10&si=prod&sr=c&sig=9qSQZo4ggrCNpybBExU8SypuUZV33igI11xw0P7rB3c%3D	ENCODE4_v1.5.1_GRCh38	released			
ENCFF053HVD	bam	bam		alignments	GRCh38	ENCSR775LGE	Histone_ChIP-seq	/human-donors/ENCDO451RUA/	UBERON:0001159	sigmoid_colon	tissue	Homo_sapiens										H3K4me1-human	DNA						2019-08-01	ENCODE		sonication_(generic),_none	200-600	1	1_1,_1_2		76					/files/ENCFF501JSP/,_/files/ENCFF110MCL/,_/files/ENCFF063DQC/,_/files/ENCFF005ROI/,_/files/ENCFF363OBC/,_/files/ENCFF776LIT/,_/files/ENCFF180FFB/	3890745428	ENCODE_Processing_Pipeline	7159e1009f46a33f1581f8423fcccf83		https://www.encodeproject.org/files/ENCFF053HVD/@@download/ENCFF053HVD.bam				released	s3://encode-public/2020/09/21/bde0fe9e-e498-4b91-8439-60946b6e88a4/ENCFF053HVD.bam	https://datasetencode.blob.core.windows.net/dataset/2020/09/21/bde0fe9e-e498-4b91-8439-60946b6e88a4/ENCFF053HVD.bam?sv=2019-10-10&si=prod&sr=c&sig=9qSQZo4ggrCNpybBExU8SypuUZV33igI11xw0P7rB3c%3D	ENCODE4_v1.5.1_GRCh38	released			
ENCFF149ODX	bigWig	bigWig		signal_p-value	GRCh38	ENCSR775LGE	Histone_ChIP-seq	/human-donors/ENCDO451RUA/	UBERON:0001159	sigmoid_colon	tissue	Homo_sapiens										H3K4me1-human	DNA						2019-08-01	ENCODE		sonication_(generic),_none	200-600	1	1_1,_1_2							/files/ENCFF053HVD/,_/files/ENCFF076ONX/	1606367693	ENCODE_Processing_Pipeline	61355bca04b5024ffe9fcb6f4466c009		https://www.encodeproject.org/files/ENCFF149ODX/@@download/ENCFF149ODX.bigWig				released	s3://encode-public/2020/09/21/e0ffc646-7eb2-4520-b697-c4545c5c3515/ENCFF149ODX.bigWig	https://datasetencode.blob.core.windows.net/dataset/2020/09/21/e0ffc646-7eb2-4520-b697-c4545c5c3515/ENCFF149ODX.bigWig?sv=2019-10-10&si=prod&sr=c&sig=9qSQZo4ggrCNpybBExU8SypuUZV33igI11xw0P7rB3c%3D	ENCODE4_v1.5.1_GRCh38	released			
ENCFF888VZZ	bigWig	bigWig		fold_change_over_control	GRCh38	ENCSR775LGE	Histone_ChIP-seq	/human-donors/ENCDO451RUA/	UBERON:0001159	sigmoid_colon	tissue	Homo_sapiens										H3K4me1-human	DNA						2019-08-01	ENCODE		sonication_(generic),_none	200-600	1	1_1,_1_2							/files/ENCFF053HVD/,_/files/ENCFF076ONX/	1702437970	ENCODE_Processing_Pipeline	25a36138477452cdef2d8343378a8e03		https://www.encodeproject.org/files/ENCFF888VZZ/@@download/ENCFF888VZZ.bigWig				released	s3://encode-public/2020/09/21/d8516299-866c-44bf-810f-0f9bf4180fb0/ENCFF888VZZ.bigWig	https://datasetencode.blob.core.windows.net/dataset/2020/09/21/d8516299-866c-44bf-810f-0f9bf4180fb0/ENCFF888VZZ.bigWig?sv=2019-10-10&si=prod&sr=c&sig=9qSQZo4ggrCNpybBExU8SypuUZV33igI11xw0P7rB3c%3D	ENCODE4_v1.5.1_GRCh38	released			
ENCFF184JAS	bed_narrowPeak	bed	narrowPeak	pseudoreplicated_peaks	GRCh38	ENCSR775LGE	Histone_ChIP-seq	/human-donors/ENCDO451RUA/	UBERON:0001159	sigmoid_colon	tissue	Homo_sapiens										H3K4me1-human	DNA						2019-08-01	ENCODE		sonication_(generic),_none	200-600	1	1_1,_1_2							/files/ENCFF053HVD/,_/files/ENCFF356LFX/,_/files/ENCFF076ONX/	2336667	ENCODE_Processing_Pipeline	45b452fb159dd7846cb1fc586c823cae		https://www.encodeproject.org/files/ENCFF184JAS/@@download/ENCFF184JAS.bed.gz				released	s3://encode-public/2020/09/21/a8934d06-2ee2-45ee-9248-5ae0a1c608e8/ENCFF184JAS.bed.gz	https://datasetencode.blob.core.windows.net/dataset/2020/09/21/a8934d06-2ee2-45ee-9248-5ae0a1c608e8/ENCFF184JAS.bed.gz?sv=2019-10-10&si=prod&sr=c&sig=9qSQZo4ggrCNpybBExU8SypuUZV33igI11xw0P7rB3c%3D	ENCODE4_v1.5.1_GRCh38	released			
ENCFF724ZOF	bigBed_narrowPeak	bigBed	narrowPeak	pseudoreplicated_peaks	GRCh38	ENCSR775LGE	Histone_ChIP-seq	/human-donors/ENCDO451RUA/	UBERON:0001159	sigmoid_colon	tissue	Homo_sapiens										H3K4me1-human	DNA						2019-08-01	ENCODE		sonication_(generic),_none	200-600	1	1_1,_1_2							/files/ENCFF184JAS/	4755854	ENCODE_Processing_Pipeline	c87fefbf41de3d291fa1d340a26627f5		https://www.encodeproject.org/files/ENCFF724ZOF/@@download/ENCFF724ZOF.bigBed				released	s3://encode-public/2020/09/21/5ebf0d86-964b-4cc9-8dbe-f4cebee435c0/ENCFF724ZOF.bigBed	https://datasetencode.blob.core.windows.net/dataset/2020/09/21/5ebf0d86-964b-4cc9-8dbe-f4cebee435c0/ENCFF724ZOF.bigBed?sv=2019-10-10&si=prod&sr=c&sig=9qSQZo4ggrCNpybBExU8SypuUZV33igI11xw0P7rB3c%3D	ENCODE4_v1.5.1_GRCh38	released			
