-2000	1.277504
-1999	1.278280
-1998	1.274907
-1997	1.276443
-1996	1.275607
-1995	1.276283
-1994	1.280708
-1993	1.284736
-1992	1.286108
-1991	1.285927
-1990	1.286074
-1989	1.287164
-1988	1.282485
-1987	1.281071
-1986	1.288577
-1985	1.290846
-1984	1.291512
-1983	1.290646
-1982	1.291289
-1981	1.291588
-1980	1.288629
-1979	1.287638
-1978	1.287089
-1977	1.288393
-1976	1.289691
-1975	1.286689
-1974	1.288393
-1973	1.278916
-1972	1.277185
-1971	1.275848
-1970	1.277092
-1969	1.279470
-1968	1.281963
-1967	1.284320
-1966	1.281956
-1965	1.283923
-1964	1.290606
-1963	1.293248
-1962	1.298120
-1961	1.298197
-1960	1.297929
-1959	1.295703
-1958	1.291326
-1957	1.292963
-1956	1.293940
-1955	1.292355
-1954	1.293792
-1953	1.289338
-1952	1.289218
-1951	1.297462
-1950	1.299812
-1949	1.303205
-1948	1.303486
-1947	1.304064
-1946	1.301365
-1945	1.301454
-1944	1.305644
-1943	1.308579
-1942	1.310398
-1941	1.311379
-1940	1.312430
-1939	1.314517
-1938	1.311816
-1937	1.304495
-1936	1.303280
-1935	1.307746
-1934	1.307581
-1933	1.310687
-1932	1.311834
-1931	1.311214
-1930	1.317274
-1929	1.323022
-1928	1.323470
-1927	1.323931
-1926	1.321857
-1925	1.320600
-1924	1.320587
-1923	1.320592
-1922	1.320468
-1921	1.319089
-1920	1.319431
-1919	1.320082
-1918	1.319814
-1917	1.323381
-1916	1.326174
-1915	1.327659
-1914	1.327378
-1913	1.330220
-1912	1.335730
-1911	1.338027
-1910	1.339142
-1909	1.340736
-1908	1.344219
-1907	1.345266
-1906	1.346173
-1905	1.346450
-1904	1.348049
-1903	1.346463
-1902	1.348969
-1901	1.350330
-1900	1.349527
-1899	1.354268
-1898	1.355693
-1897	1.361349
-1896	1.362563
-1895	1.365747
-1894	1.370368
-1893	1.372857
-1892	1.373889
-1891	1.372976
-1890	1.372382
-1889	1.373045
-1888	1.374290
-1887	1.376353
-1886	1.373996
-1885	1.372410
-1884	1.380101
-1883	1.382473
-1882	1.383520
-1881	1.377784
-1880	1.381227
-1879	1.382464
-1878	1.384039
-1877	1.382884
-1876	1.381868
-1875	1.379201
-1874	1.384095
-1873	1.384699
-1872	1.386429
-1871	1.387034
-1870	1.389259
-1869	1.393179
-1868	1.391044
-1867	1.391334
-1866	1.387848
-1865	1.389784
-1864	1.391985
-1863	1.391994
-1862	1.393727
-1861	1.393959
-1860	1.398798
-1859	1.398901
-1858	1.400864
-1857	1.405915
-1856	1.406817
-1855	1.406891
-1854	1.405483
-1853	1.402030
-1852	1.403024
-1851	1.405058
-1850	1.407569
-1849	1.415841
-1848	1.415647
-1847	1.415923
-1846	1.415470
-1845	1.419978
-1844	1.419112
-1843	1.422239
-1842	1.423898
-1841	1.425974
-1840	1.428200
-1839	1.426220
-1838	1.427174
-1837	1.427736
-1836	1.428707
-1835	1.429048
-1834	1.428531
-1833	1.429408
-1832	1.431627
-1831	1.430506
-1830	1.429473
-1829	1.431127
-1828	1.428795
-1827	1.426665
-1826	1.425005
-1825	1.426852
-1824	1.429496
-1823	1.430889
-1822	1.429810
-1821	1.422517
-1820	1.420392
-1819	1.421823
-1818	1.423315
-1817	1.425647
-1816	1.426399
-1815	1.421504
-1814	1.419313
-1813	1.416168
-1812	1.418121
-1811	1.422566
-1810	1.422315
-1809	1.425594
-1808	1.429074
-1807	1.429346
-1806	1.431295
-1805	1.432368
-1804	1.433861
-1803	1.434027
-1802	1.436210
-1801	1.438831
-1800	1.438999
-1799	1.435514
-1798	1.433079
-1797	1.436843
-1796	1.437409
-1795	1.438622
-1794	1.443693
-1793	1.445783
-1792	1.450428
-1791	1.449892
-1790	1.451909
-1789	1.452162
-1788	1.453635
-1787	1.453503
-1786	1.455056
-1785	1.457046
-1784	1.457176
-1783	1.464358
-1782	1.462573
-1781	1.462220
-1780	1.463554
-1779	1.460330
-1778	1.461930
-1777	1.458179
-1776	1.457471
-1775	1.457023
-1774	1.457130
-1773	1.462377
-1772	1.458502
-1771	1.462155
-1770	1.465319
-1769	1.465281
-1768	1.471456
-1767	1.472878
-1766	1.474280
-1765	1.473497
-1764	1.469912
-1763	1.473269
-1762	1.475588
-1761	1.479876
-1760	1.479777
-1759	1.478650
-1758	1.484131
-1757	1.486120
-1756	1.486347
-1755	1.486524
-1754	1.489902
-1753	1.492040
-1752	1.495564
-1751	1.500747
-1750	1.503294
-1749	1.511122
-1748	1.514389
-1747	1.516757
-1746	1.516843
-1745	1.514625
-1744	1.512633
-1743	1.511373
-1742	1.513259
-1741	1.511474
-1740	1.514186
-1739	1.516142
-1738	1.515847
-1737	1.518394
-1736	1.519382
-1735	1.515940
-1734	1.514492
-1733	1.516958
-1732	1.527612
-1731	1.531519
-1730	1.532121
-1729	1.529493
-1728	1.528662
-1727	1.525849
-1726	1.529277
-1725	1.526446
-1724	1.524685
-1723	1.525206
-1722	1.529035
-1721	1.526359
-1720	1.528182
-1719	1.528272
-1718	1.533653
-1717	1.535588
-1716	1.537672
-1715	1.533053
-1714	1.531945
-1713	1.528020
-1712	1.524097
-1711	1.523155
-1710	1.522630
-1709	1.523623
-1708	1.521905
-1707	1.522199
-1706	1.529052
-1705	1.527877
-1704	1.528348
-1703	1.528189
-1702	1.524211
-1701	1.523833
-1700	1.522511
-1699	1.517364
-1698	1.514204
-1697	1.516603
-1696	1.520118
-1695	1.522068
-1694	1.522031
-1693	1.526009
-1692	1.525506
-1691	1.527361
-1690	1.526893
-1689	1.524080
-1688	1.527451
-1687	1.528974
-1686	1.533051
-1685	1.531934
-1684	1.532497
-1683	1.531650
-1682	1.525749
-1681	1.532658
-1680	1.527629
-1679	1.528197
-1678	1.528688
-1677	1.527056
-1676	1.530048
-1675	1.527469
-1674	1.526743
-1673	1.527763
-1672	1.532372
-1671	1.534882
-1670	1.536378
-1669	1.542171
-1668	1.540662
-1667	1.540423
-1666	1.539407
-1665	1.543650
-1664	1.551759
-1663	1.560948
-1662	1.562878
-1661	1.569150
-1660	1.571039
-1659	1.574454
-1658	1.580856
-1657	1.577077
-1656	1.580605
-1655	1.580446
-1654	1.582828
-1653	1.584449
-1652	1.584533
-1651	1.590124
-1650	1.590675
-1649	1.587636
-1648	1.587038
-1647	1.581025
-1646	1.583011
-1645	1.582993
-1644	1.581830
-1643	1.583666
-1642	1.584882
-1641	1.581875
-1640	1.581417
-1639	1.586578
-1638	1.591725
-1637	1.586994
-1636	1.584034
-1635	1.585344
-1634	1.585597
-1633	1.585711
-1632	1.587569
-1631	1.590271
-1630	1.589141
-1629	1.588042
-1628	1.589218
-1627	1.589455
-1626	1.595874
-1625	1.596005
-1624	1.595907
-1623	1.594906
-1622	1.602426
-1621	1.604841
-1620	1.606157
-1619	1.607822
-1618	1.607214
-1617	1.607134
-1616	1.610361
-1615	1.610921
-1614	1.607109
-1613	1.606978
-1612	1.610662
-1611	1.611809
-1610	1.610301
-1609	1.613704
-1608	1.613565
-1607	1.613932
-1606	1.613073
-1605	1.610989
-1604	1.608631
-1603	1.608142
-1602	1.607208
-1601	1.604959
-1600	1.606788
-1599	1.609001
-1598	1.609206
-1597	1.611428
-1596	1.610825
-1595	1.611166
-1594	1.610820
-1593	1.612362
-1592	1.615657
-1591	1.616063
-1590	1.616959
-1589	1.612930
-1588	1.615532
-1587	1.615146
-1586	1.619805
-1585	1.625034
-1584	1.626546
-1583	1.623764
-1582	1.628643
-1581	1.632513
-1580	1.633992
-1579	1.633067
-1578	1.633618
-1577	1.633450
-1576	1.632073
-1575	1.634370
-1574	1.635755
-1573	1.636220
-1572	1.634127
-1571	1.634842
-1570	1.630023
-1569	1.628015
-1568	1.631598
-1567	1.622901
-1566	1.618585
-1565	1.621512
-1564	1.626474
-1563	1.624306
-1562	1.625883
-1561	1.628496
-1560	1.630212
-1559	1.636219
-1558	1.633949
-1557	1.626858
-1556	1.631832
-1555	1.630934
-1554	1.629746
-1553	1.630580
-1552	1.631132
-1551	1.631350
-1550	1.627917
-1549	1.626940
-1548	1.626058
-1547	1.625492
-1546	1.629117
-1545	1.630075
-1544	1.629190
-1543	1.626558
-1542	1.626602
-1541	1.626023
-1540	1.636617
-1539	1.639523
-1538	1.642551
-1537	1.640046
-1536	1.640252
-1535	1.637424
-1534	1.639786
-1533	1.640435
-1532	1.637717
-1531	1.638835
-1530	1.639960
-1529	1.638767
-1528	1.636219
-1527	1.639019
-1526	1.642128
-1525	1.644189
-1524	1.649105
-1523	1.646392
-1522	1.646794
-1521	1.647037
-1520	1.651248
-1519	1.651059
-1518	1.651780
-1517	1.650040
-1516	1.656454
-1515	1.657025
-1514	1.658808
-1513	1.658613
-1512	1.659044
-1511	1.662230
-1510	1.657883
-1509	1.657635
-1508	1.657957
-1507	1.660961
-1506	1.661368
-1505	1.662260
-1504	1.667913
-1503	1.672083
-1502	1.673297
-1501	1.675965
-1500	1.672758
-1499	1.673703
-1498	1.671978
-1497	1.677593
-1496	1.675496
-1495	1.674140
-1494	1.679280
-1493	1.678935
-1492	1.677543
-1491	1.667997
-1490	1.666807
-1489	1.670585
-1488	1.664015
-1487	1.664696
-1486	1.667046
-1485	1.670560
-1484	1.671402
-1483	1.671224
-1482	1.672623
-1481	1.667278
-1480	1.664851
-1479	1.667062
-1478	1.665678
-1477	1.671833
-1476	1.666870
-1475	1.661134
-1474	1.660579
-1473	1.660629
-1472	1.658838
-1471	1.655665
-1470	1.655952
-1469	1.658089
-1468	1.661323
-1467	1.658801
-1466	1.656701
-1465	1.654896
-1464	1.657196
-1463	1.659371
-1462	1.660414
-1461	1.660517
-1460	1.660122
-1459	1.658757
-1458	1.658699
-1457	1.650429
-1456	1.649040
-1455	1.647275
-1454	1.646610
-1453	1.650611
-1452	1.651612
-1451	1.650086
-1450	1.652316
-1449	1.650398
-1448	1.651755
-1447	1.652721
-1446	1.659226
-1445	1.656517
-1444	1.661211
-1443	1.661398
-1442	1.667785
-1441	1.670556
-1440	1.672387
-1439	1.676154
-1438	1.674041
-1437	1.673633
-1436	1.676065
-1435	1.678785
-1434	1.682482
-1433	1.684916
-1432	1.686297
-1431	1.686542
-1430	1.691065
-1429	1.690030
-1428	1.696600
-1427	1.698666
-1426	1.701142
-1425	1.704566
-1424	1.705844
-1423	1.705873
-1422	1.705132
-1421	1.704083
-1420	1.702816
-1419	1.701316
-1418	1.703791
-1417	1.701187
-1416	1.701778
-1415	1.705306
-1414	1.705505
-1413	1.707667
-1412	1.708339
-1411	1.711824
-1410	1.707086
-1409	1.707632
-1408	1.710367
-1407	1.710500
-1406	1.717121
-1405	1.718942
-1404	1.723192
-1403	1.717376
-1402	1.714575
-1401	1.713237
-1400	1.711486
-1399	1.708037
-1398	1.711983
-1397	1.713139
-1396	1.714379
-1395	1.711264
-1394	1.706782
-1393	1.708251
-1392	1.708624
-1391	1.710597
-1390	1.714375
-1389	1.719917
-1388	1.719390
-1387	1.721428
-1386	1.717781
-1385	1.720261
-1384	1.723993
-1383	1.723836
-1382	1.734403
-1381	1.732099
-1380	1.731634
-1379	1.731469
-1378	1.737744
-1377	1.737079
-1376	1.739420
-1375	1.732668
-1374	1.735305
-1373	1.742861
-1372	1.745788
-1371	1.747781
-1370	1.741667
-1369	1.744267
-1368	1.742592
-1367	1.743598
-1366	1.744747
-1365	1.744995
-1364	1.749259
-1363	1.752407
-1362	1.753790
-1361	1.757119
-1360	1.758659
-1359	1.761496
-1358	1.764683
-1357	1.767780
-1356	1.768238
-1355	1.765793
-1354	1.763697
-1353	1.761773
-1352	1.762333
-1351	1.763505
-1350	1.760786
-1349	1.765011
-1348	1.768381
-1347	1.770653
-1346	1.771003
-1345	1.772219
-1344	1.775608
-1343	1.776958
-1342	1.780174
-1341	1.780197
-1340	1.783362
-1339	1.782760
-1338	1.784962
-1337	1.783836
-1336	1.783929
-1335	1.786102
-1334	1.780910
-1333	1.789055
-1332	1.788732
-1331	1.791416
-1330	1.791880
-1329	1.794326
-1328	1.795571
-1327	1.798270
-1326	1.798985
-1325	1.801541
-1324	1.804802
-1323	1.812591
-1322	1.810235
-1321	1.812598
-1320	1.813856
-1319	1.808546
-1318	1.811773
-1317	1.815355
-1316	1.818280
-1315	1.817939
-1314	1.820369
-1313	1.823006
-1312	1.820337
-1311	1.823399
-1310	1.827664
-1309	1.829942
-1308	1.829574
-1307	1.831828
-1306	1.829298
-1305	1.832578
-1304	1.833968
-1303	1.836694
-1302	1.836221
-1301	1.833834
-1300	1.839698
-1299	1.839793
-1298	1.835645
-1297	1.844200
-1296	1.846885
-1295	1.848336
-1294	1.853866
-1293	1.854976
-1292	1.857944
-1291	1.858131
-1290	1.860077
-1289	1.859015
-1288	1.861756
-1287	1.863432
-1286	1.863880
-1285	1.862235
-1284	1.868019
-1283	1.869736
-1282	1.867789
-1281	1.871602
-1280	1.869997
-1279	1.861254
-1278	1.863825
-1277	1.874719
-1276	1.880125
-1275	1.884781
-1274	1.886507
-1273	1.886331
-1272	1.886406
-1271	1.884768
-1270	1.892847
-1269	1.895605
-1268	1.899628
-1267	1.901979
-1266	1.899199
-1265	1.901508
-1264	1.897638
-1263	1.895445
-1262	1.893311
-1261	1.895643
-1260	1.898698
-1259	1.898769
-1258	1.902158
-1257	1.902189
-1256	1.904659
-1255	1.903538
-1254	1.904148
-1253	1.903679
-1252	1.895859
-1251	1.886662
-1250	1.894799
-1249	1.899424
-1248	1.897166
-1247	1.895469
-1246	1.899531
-1245	1.901731
-1244	1.904229
-1243	1.903820
-1242	1.903776
-1241	1.902057
-1240	1.907623
-1239	1.908003
-1238	1.905785
-1237	1.911887
-1236	1.911507
-1235	1.914415
-1234	1.913771
-1233	1.914675
-1232	1.916703
-1231	1.918990
-1230	1.920104
-1229	1.922436
-1228	1.913308
-1227	1.909522
-1226	1.912743
-1225	1.912046
-1224	1.911776
-1223	1.912229
-1222	1.917813
-1221	1.917945
-1220	1.917714
-1219	1.922022
-1218	1.923522
-1217	1.928829
-1216	1.934054
-1215	1.937673
-1214	1.945760
-1213	1.947025
-1212	1.948951
-1211	1.956897
-1210	1.949630
-1209	1.958172
-1208	1.957318
-1207	1.956861
-1206	1.960029
-1205	1.965531
-1204	1.968119
-1203	1.965829
-1202	1.967396
-1201	1.965063
-1200	1.963561
-1199	1.963013
-1198	1.964016
-1197	1.971914
-1196	1.969146
-1195	1.979079
-1194	1.975925
-1193	1.978270
-1192	1.980607
-1191	1.981621
-1190	1.991411
-1189	1.998110
-1188	1.994216
-1187	1.989140
-1186	1.992489
-1185	1.990459
-1184	1.986814
-1183	1.986700
-1182	1.987642
-1181	1.992618
-1180	1.991072
-1179	1.987497
-1178	1.989742
-1177	1.986345
-1176	1.980762
-1175	1.975704
-1174	1.978597
-1173	1.982038
-1172	1.985485
-1171	1.986861
-1170	1.995804
-1169	1.996051
-1168	1.994862
-1167	1.994274
-1166	1.997908
-1165	1.999501
-1164	1.997832
-1163	1.996520
-1162	2.007096
-1161	2.002436
-1160	2.007076
-1159	2.006543
-1158	2.009813
-1157	2.011263
-1156	2.013856
-1155	2.019423
-1154	2.013593
-1153	2.013676
-1152	2.010335
-1151	2.004633
-1150	2.011894
-1149	2.011763
-1148	2.019067
-1147	2.019820
-1146	2.023049
-1145	2.026281
-1144	2.027035
-1143	2.029906
-1142	2.033131
-1141	2.038593
-1140	2.034083
-1139	2.034186
-1138	2.035323
-1137	2.038864
-1136	2.038867
-1135	2.037657
-1134	2.039494
-1133	2.049645
-1132	2.052286
-1131	2.060621
-1130	2.066205
-1129	2.071958
-1128	2.067005
-1127	2.067461
-1126	2.070991
-1125	2.074049
-1124	2.075755
-1123	2.074633
-1122	2.073748
-1121	2.073927
-1120	2.075917
-1119	2.070926
-1118	2.074213
-1117	2.073280
-1116	2.080557
-1115	2.084698
-1114	2.088835
-1113	2.086770
-1112	2.085135
-1111	2.090585
-1110	2.092900
-1109	2.099411
-1108	2.097513
-1107	2.097328
-1106	2.098526
-1105	2.100286
-1104	2.103231
-1103	2.104373
-1102	2.109063
-1101	2.111468
-1100	2.116623
-1099	2.124387
-1098	2.126952
-1097	2.131846
-1096	2.142501
-1095	2.154746
-1094	2.152639
-1093	2.157222
-1092	2.157069
-1091	2.155741
-1090	2.160623
-1089	2.158746
-1088	2.155372
-1087	2.162308
-1086	2.160776
-1085	2.157719
-1084	2.160368
-1083	2.162613
-1082	2.167270
-1081	2.169095
-1080	2.177554
-1079	2.178670
-1078	2.174975
-1077	2.179306
-1076	2.180546
-1075	2.179484
-1074	2.183282
-1073	2.181893
-1072	2.176944
-1071	2.180614
-1070	2.192699
-1069	2.196492
-1068	2.201212
-1067	2.203129
-1066	2.208256
-1065	2.208496
-1064	2.212391
-1063	2.220383
-1062	2.222723
-1061	2.222446
-1060	2.227747
-1059	2.223425
-1058	2.223649
-1057	2.226215
-1056	2.227114
-1055	2.230250
-1054	2.232987
-1053	2.229358
-1052	2.229397
-1051	2.230582
-1050	2.231933
-1049	2.236378
-1048	2.237828
-1047	2.239165
-1046	2.247623
-1045	2.251632
-1044	2.252750
-1043	2.258384
-1042	2.268847
-1041	2.269788
-1040	2.272517
-1039	2.272552
-1038	2.278429
-1037	2.286613
-1036	2.290438
-1035	2.294494
-1034	2.293134
-1033	2.291517
-1032	2.293612
-1031	2.293433
-1030	2.296096
-1029	2.298482
-1028	2.307852
-1027	2.309642
-1026	2.318575
-1025	2.320033
-1024	2.329031
-1023	2.333274
-1022	2.339697
-1021	2.344110
-1020	2.346350
-1019	2.343385
-1018	2.344680
-1017	2.347267
-1016	2.350494
-1015	2.358339
-1014	2.354631
-1013	2.353713
-1012	2.358611
-1011	2.361841
-1010	2.366378
-1009	2.369274
-1008	2.367375
-1007	2.362259
-1006	2.363733
-1005	2.366152
-1004	2.369128
-1003	2.363431
-1002	2.372185
-1001	2.375213
-1000	2.375476
-999	2.379233
-998	2.386117
-997	2.389797
-996	2.394856
-995	2.400334
-994	2.406019
-993	2.406620
-992	2.406246
-991	2.403548
-990	2.399422
-989	2.403852
-988	2.407468
-987	2.407378
-986	2.407678
-985	2.411520
-984	2.413575
-983	2.414244
-982	2.418503
-981	2.426034
-980	2.424899
-979	2.427513
-978	2.430718
-977	2.434154
-976	2.438811
-975	2.439034
-974	2.440964
-973	2.438832
-972	2.441825
-971	2.443433
-970	2.449510
-969	2.452657
-968	2.452009
-967	2.453013
-966	2.459043
-965	2.456328
-964	2.458249
-963	2.453172
-962	2.457235
-961	2.451735
-960	2.457235
-959	2.464351
-958	2.470475
-957	2.468750
-956	2.475433
-955	2.480672
-954	2.489360
-953	2.495115
-952	2.497760
-951	2.503853
-950	2.508829
-949	2.515554
-948	2.516980
-947	2.515652
-946	2.525284
-945	2.528720
-944	2.535552
-943	2.536282
-942	2.539078
-941	2.535104
-940	2.537097
-939	2.536248
-938	2.544677
-937	2.545982
-936	2.550356
-935	2.553228
-934	2.562874
-933	2.565640
-932	2.561804
-931	2.560017
-930	2.563959
-929	2.571362
-928	2.572193
-927	2.577495
-926	2.580783
-925	2.569742
-924	2.571989
-923	2.573279
-922	2.579239
-921	2.592985
-920	2.600989
-919	2.604623
-918	2.609674
-917	2.615735
-916	2.624097
-915	2.630210
-914	2.632522
-913	2.633162
-912	2.637412
-911	2.647718
-910	2.653463
-909	2.649807
-908	2.662915
-907	2.665549
-906	2.663505
-905	2.675146
-904	2.681686
-903	2.696866
-902	2.698925
-901	2.695677
-900	2.696759
-899	2.699419
-898	2.708194
-897	2.713307
-896	2.712560
-895	2.716507
-894	2.716832
-893	2.722237
-892	2.719835
-891	2.722781
-890	2.722056
-889	2.723040
-888	2.731097
-887	2.735793
-886	2.742826
-885	2.748074
-884	2.748141
-883	2.752024
-882	2.754841
-881	2.762963
-880	2.768764
-879	2.775437
-878	2.779993
-877	2.783522
-876	2.792855
-875	2.798424
-874	2.802284
-873	2.814807
-872	2.818396
-871	2.828057
-870	2.827049
-869	2.833644
-868	2.842273
-867	2.846867
-866	2.852069
-865	2.861658
-864	2.868825
-863	2.872291
-862	2.873892
-861	2.884925
-860	2.892976
-859	2.888912
-858	2.892753
-857	2.900492
-856	2.909832
-855	2.903567
-854	2.907900
-853	2.916016
-852	2.916435
-851	2.924013
-850	2.930085
-849	2.931704
-848	2.939384
-847	2.947621
-846	2.950412
-845	2.956914
-844	2.956496
-843	2.967052
-842	2.972674
-841	2.975077
-840	2.973415
-839	2.975738
-838	2.980146
-837	2.980207
-836	2.985353
-835	2.987392
-834	2.991743
-833	2.998357
-832	3.001264
-831	3.003414
-830	3.007869
-829	3.014804
-828	3.020543
-827	3.023052
-826	3.038709
-825	3.044129
-824	3.056870
-823	3.063637
-822	3.082017
-821	3.082194
-820	3.088148
-819	3.090062
-818	3.090038
-817	3.095697
-816	3.100948
-815	3.104954
-814	3.112105
-813	3.119863
-812	3.123070
-811	3.129713
-810	3.136690
-809	3.142502
-808	3.154091
-807	3.163005
-806	3.163860
-805	3.167645
-804	3.171003
-803	3.175594
-802	3.185428
-801	3.186761
-800	3.186588
-799	3.186124
-798	3.197777
-797	3.201884
-796	3.207822
-795	3.212273
-794	3.223837
-793	3.231298
-792	3.238865
-791	3.243246
-790	3.245219
-789	3.253252
-788	3.261448
-787	3.270395
-786	3.283280
-785	3.291270
-784	3.286484
-783	3.295557
-782	3.304611
-781	3.315915
-780	3.317324
-779	3.328078
-778	3.329728
-777	3.342589
-776	3.345879
-775	3.354527
-774	3.365646
-773	3.373656
-772	3.379469
-771	3.386746
-770	3.394623
-769	3.407312
-768	3.415625
-767	3.423081
-766	3.431226
-765	3.435076
-764	3.439200
-763	3.439400
-762	3.442799
-761	3.451534
-760	3.454467
-759	3.459749
-758	3.475257
-757	3.479159
-756	3.484719
-755	3.492788
-754	3.487116
-753	3.494706
-752	3.498759
-751	3.503035
-750	3.501317
-749	3.497737
-748	3.502194
-747	3.508785
-746	3.512902
-745	3.519137
-744	3.524106
-743	3.529281
-742	3.544335
-741	3.548526
-740	3.551592
-739	3.560966
-738	3.554051
-737	3.553506
-736	3.563340
-735	3.565506
-734	3.569640
-733	3.567081
-732	3.575608
-731	3.575839
-730	3.577124
-729	3.583232
-728	3.581120
-727	3.593080
-726	3.603158
-725	3.606440
-724	3.614291
-723	3.614771
-722	3.622733
-721	3.622905
-720	3.631588
-719	3.640173
-718	3.656666
-717	3.663940
-716	3.659887
-715	3.660393
-714	3.675022
-713	3.690147
-712	3.695832
-711	3.699815
-710	3.698561
-709	3.710319
-708	3.720868
-707	3.721157
-706	3.722202
-705	3.722522
-704	3.734839
-703	3.742511
-702	3.746209
-701	3.755488
-700	3.762018
-699	3.766654
-698	3.770570
-697	3.781005
-696	3.779673
-695	3.788602
-694	3.784261
-693	3.784684
-692	3.790399
-691	3.783148
-690	3.785149
-689	3.788768
-688	3.806394
-687	3.817839
-686	3.823692
-685	3.837633
-684	3.839766
-683	3.846064
-682	3.844411
-681	3.857533
-680	3.858528
-679	3.874503
-678	3.872613
-677	3.877041
-676	3.883844
-675	3.902322
-674	3.908856
-673	3.918735
-672	3.923894
-671	3.927201
-670	3.919910
-669	3.920528
-668	3.936790
-667	3.933016
-666	3.941636
-665	3.938776
-664	3.947316
-663	3.958190
-662	3.968407
-661	3.976748
-660	3.986295
-659	3.991347
-658	3.999293
-657	4.014177
-656	4.024667
-655	4.032896
-654	4.044142
-653	4.052250
-652	4.055990
-651	4.066597
-650	4.073938
-649	4.079107
-648	4.082796
-647	4.089865
-646	4.093119
-645	4.086264
-644	4.086997
-643	4.097385
-642	4.095141
-641	4.098604
-640	4.105254
-639	4.109241
-638	4.112405
-637	4.119091
-636	4.132695
-635	4.138006
-634	4.149591
-633	4.151808
-632	4.164409
-631	4.175951
-630	4.183825
-629	4.193225
-628	4.199671
-627	4.204602
-626	4.208683
-625	4.218835
-624	4.226728
-623	4.233058
-622	4.241634
-621	4.239035
-620	4.243092
-619	4.243782
-618	4.254005
-617	4.267997
-616	4.280071
-615	4.293808
-614	4.302472
-613	4.315093
-612	4.325315
-611	4.328093
-610	4.341079
-609	4.340020
-608	4.337956
-607	4.357981
-606	4.367980
-605	4.371661
-604	4.377754
-603	4.389849
-602	4.396716
-601	4.400351
-600	4.406332
-599	4.411572
-598	4.427490
-597	4.438159
-596	4.443785
-595	4.449908
-594	4.462639
-593	4.465876
-592	4.468431
-591	4.475624
-590	4.481165
-589	4.477691
-588	4.485962
-587	4.488208
-586	4.494247
-585	4.508229
-584	4.506087
-583	4.511391
-582	4.511538
-581	4.514873
-580	4.527078
-579	4.537021
-578	4.546138
-577	4.547749
-576	4.552076
-575	4.566021
-574	4.574405
-573	4.578930
-572	4.585487
-571	4.606528
-570	4.617000
-569	4.621344
-568	4.625264
-567	4.626699
-566	4.628542
-565	4.632692
-564	4.642541
-563	4.649642
-562	4.660239
-561	4.668358
-560	4.665129
-559	4.671181
-558	4.671882
-557	4.678528
-556	4.688209
-555	4.701489
-554	4.714134
-553	4.715207
-552	4.743386
-551	4.755040
-550	4.759876
-549	4.775411
-548	4.774366
-547	4.780098
-546	4.767228
-545	4.781317
-544	4.794134
-543	4.806753
-542	4.810369
-541	4.815124
-540	4.823357
-539	4.837941
-538	4.843541
-537	4.847746
-536	4.853294
-535	4.846729
-534	4.866455
-533	4.884027
-532	4.894304
-531	4.910692
-530	4.912888
-529	4.919468
-528	4.919512
-527	4.918624
-526	4.934883
-525	4.940352
-524	4.944736
-523	4.960103
-522	4.979774
-521	4.998556
-520	5.014403
-519	5.034347
-518	5.041271
-517	5.038036
-516	5.048171
-515	5.054606
-514	5.060268
-513	5.068568
-512	5.074888
-511	5.083772
-510	5.086604
-509	5.096113
-508	5.097164
-507	5.109473
-506	5.116316
-505	5.144337
-504	5.156673
-503	5.164233
-502	5.169415
-501	5.180591
-500	5.192789
-499	5.201676
-498	5.200131
-497	5.206805
-496	5.222601
-495	5.226620
-494	5.228741
-493	5.238006
-492	5.239089
-491	5.259740
-490	5.273216
-489	5.278364
-488	5.292767
-487	5.294251
-486	5.310477
-485	5.331984
-484	5.346021
-483	5.359816
-482	5.369071
-481	5.377276
-480	5.391394
-479	5.411296
-478	5.426365
-477	5.440854
-476	5.454561
-475	5.462976
-474	5.477205
-473	5.488736
-472	5.478338
-471	5.496092
-470	5.508320
-469	5.516592
-468	5.524979
-467	5.534835
-466	5.543568
-465	5.546882
-464	5.559934
-463	5.573080
-462	5.586071
-461	5.591292
-460	5.596847
-459	5.596152
-458	5.608914
-457	5.615933
-456	5.608193
-455	5.611964
-454	5.630090
-453	5.639209
-452	5.637742
-451	5.642512
-450	5.654709
-449	5.679539
-448	5.692406
-447	5.701971
-446	5.710500
-445	5.709217
-444	5.716794
-443	5.732859
-442	5.753049
-441	5.764769
-440	5.780776
-439	5.796837
-438	5.798504
-437	5.807770
-436	5.820815
-435	5.832594
-434	5.817530
-433	5.832278
-432	5.847693
-431	5.854544
-430	5.858399
-429	5.874645
-428	5.863240
-427	5.869330
-426	5.872307
-425	5.864111
-424	5.893056
-423	5.900879
-422	5.917970
-421	5.927435
-420	5.940507
-419	5.949225
-418	5.945546
-417	5.957556
-416	5.978730
-415	5.983782
-414	5.988352
-413	5.992153
-412	5.997188
-411	6.001756
-410	6.019726
-409	6.033202
-408	6.047519
-407	6.050778
-406	6.050046
-405	6.051355
-404	6.054808
-403	6.060875
-402	6.072664
-401	6.072938
-400	6.078993
-399	6.076178
-398	6.086698
-397	6.087822
-396	6.091910
-395	6.094393
-394	6.105060
-393	6.104953
-392	6.108292
-391	6.118876
-390	6.121868
-389	6.118834
-388	6.113462
-387	6.120200
-386	6.127812
-385	6.127643
-384	6.135913
-383	6.136581
-382	6.162051
-381	6.182617
-380	6.200142
-379	6.211097
-378	6.225306
-377	6.228159
-376	6.248104
-375	6.252251
-374	6.266691
-373	6.272869
-372	6.275552
-371	6.287575
-370	6.289652
-369	6.291708
-368	6.295085
-367	6.295747
-366	6.290595
-365	6.299496
-364	6.313642
-363	6.299688
-362	6.308505
-361	6.330975
-360	6.338391
-359	6.348992
-358	6.358233
-357	6.361882
-356	6.361944
-355	6.367981
-354	6.380976
-353	6.398321
-352	6.414045
-351	6.412471
-350	6.427960
-349	6.452017
-348	6.455274
-347	6.465610
-346	6.479896
-345	6.489037
-344	6.493627
-343	6.489583
-342	6.501864
-341	6.529163
-340	6.534633
-339	6.542670
-338	6.546166
-337	6.554731
-336	6.571027
-335	6.590347
-334	6.607251
-333	6.620409
-332	6.614587
-331	6.605614
-330	6.618174
-329	6.610066
-328	6.614091
-327	6.613236
-326	6.605716
-325	6.622651
-324	6.609614
-323	6.630335
-322	6.638837
-321	6.645649
-320	6.658103
-319	6.656699
-318	6.642942
-317	6.651372
-316	6.642059
-315	6.645867
-314	6.635332
-313	6.639997
-312	6.656639
-311	6.667861
-310	6.672660
-309	6.669641
-308	6.677748
-307	6.690340
-306	6.701392
-305	6.701315
-304	6.702213
-303	6.697366
-302	6.709134
-301	6.706508
-300	6.710762
-299	6.719614
-298	6.728187
-297	6.740039
-296	6.741974
-295	6.757101
-294	6.766584
-293	6.763174
-292	6.782416
-291	6.789190
-290	6.790295
-289	6.796174
-288	6.790135
-287	6.787625
-286	6.791624
-285	6.789586
-284	6.791711
-283	6.791245
-282	6.784122
-281	6.781170
-280	6.782899
-279	6.789519
-278	6.789685
-277	6.789967
-276	6.786342
-275	6.795951
-274	6.799618
-273	6.806272
-272	6.807997
-271	6.820535
-270	6.814312
-269	6.815949
-268	6.801707
-267	6.799154
-266	6.790066
-265	6.783537
-264	6.802827
-263	6.809548
-262	6.808632
-261	6.813927
-260	6.814596
-259	6.803628
-258	6.800629
-257	6.797849
-256	6.793600
-255	6.796726
-254	6.805914
-253	6.804704
-252	6.806061
-251	6.815424
-250	6.806071
-249	6.805029
-248	6.794020
-247	6.782827
-246	6.773658
-245	6.780362
-244	6.773841
-243	6.770598
-242	6.776622
-241	6.777957
-240	6.779467
-239	6.773602
-238	6.766174
-237	6.754597
-236	6.756526
-235	6.755609
-234	6.753354
-233	6.755626
-232	6.750636
-231	6.746469
-230	6.735864
-229	6.725326
-228	6.709007
-227	6.716335
-226	6.699690
-225	6.691357
-224	6.694804
-223	6.691880
-222	6.688655
-221	6.687051
-220	6.690789
-219	6.687356
-218	6.683409
-217	6.682904
-216	6.683788
-215	6.676682
-214	6.680358
-213	6.687144
-212	6.674164
-211	6.673742
-210	6.669437
-209	6.653730
-208	6.650659
-207	6.656979
-206	6.653702
-205	6.638408
-204	6.649453
-203	6.637277
-202	6.631822
-201	6.642339
-200	6.639888
-199	6.638814
-198	6.641397
-197	6.629376
-196	6.628394
-195	6.626882
-194	6.631148
-193	6.605043
-192	6.595815
-191	6.589966
-190	6.590162
-189	6.590385
-188	6.592580
-187	6.593217
-186	6.589260
-185	6.582851
-184	6.587025
-183	6.586185
-182	6.593298
-181	6.589650
-180	6.580343
-179	6.580325
-178	6.592172
-177	6.576847
-176	6.564598
-175	6.556693
-174	6.554056
-173	6.542883
-172	6.537725
-171	6.524025
-170	6.508266
-169	6.506087
-168	6.494920
-167	6.496451
-166	6.488057
-165	6.480044
-164	6.466697
-163	6.459989
-162	6.462310
-161	6.463555
-160	6.455978
-159	6.443357
-158	6.446745
-157	6.449190
-156	6.446032
-155	6.439091
-154	6.432536
-153	6.429435
-152	6.409555
-151	6.414220
-150	6.415403
-149	6.410351
-148	6.401538
-147	6.398356
-146	6.393683
-145	6.390414
-144	6.383545
-143	6.377512
-142	6.365447
-141	6.353166
-140	6.339883
-139	6.315652
-138	6.310481
-137	6.308601
-136	6.306780
-135	6.307387
-134	6.302626
-133	6.293346
-132	6.292787
-131	6.296840
-130	6.294797
-129	6.290929
-128	6.281467
-127	6.282007
-126	6.286149
-125	6.275179
-124	6.284875
-123	6.287838
-122	6.294326
-121	6.297776
-120	6.292798
-119	6.295202
-118	6.285522
-117	6.294377
-116	6.292627
-115	6.305335
-114	6.322318
-113	6.331327
-112	6.323696
-111	6.326897
-110	6.337432
-109	6.345837
-108	6.343588
-107	6.345011
-106	6.345184
-105	6.334067
-104	6.339625
-103	6.351279
-102	6.350039
-101	6.330886
-100	6.337525
-99	6.335437
-98	6.333357
-97	6.340466
-96	6.349291
-95	6.348337
-94	6.344067
-93	6.342150
-92	6.357312
-91	6.358045
-90	6.354768
-89	6.365988
-88	6.369167
-87	6.374027
-86	6.380013
-85	6.365449
-84	6.371914
-83	6.366740
-82	6.371698
-81	6.383605
-80	6.377783
-79	6.392314
-78	6.394597
-77	6.406105
-76	6.416232
-75	6.425929
-74	6.436955
-73	6.440054
-72	6.446923
-71	6.454649
-70	6.464980
-69	6.471860
-68	6.477228
-67	6.483750
-66	6.495376
-65	6.510912
-64	6.502310
-63	6.531701
-62	6.537311
-61	6.545048
-60	6.571023
-59	6.582005
-58	6.597923
-57	6.617136
-56	6.636000
-55	6.658118
-54	6.683019
-53	6.703191
-52	6.718818
-51	6.731262
-50	6.753354
-49	6.770164
-48	6.786025
-47	6.804932
-46	6.823862
-45	6.849235
-44	6.886955
-43	6.908656
-42	6.940127
-41	6.956868
-40	6.986681
-39	7.013743
-38	7.032122
-37	7.049056
-36	7.072458
-35	7.097818
-34	7.114388
-33	7.131632
-32	7.155424
-31	7.172731
-30	7.196886
-29	7.234497
-28	7.259532
-27	7.283695
-26	7.304757
-25	7.332370
-24	7.367097
-23	7.393093
-22	7.414118
-21	7.442510
-20	7.475999
-19	7.500669
-18	7.527871
-17	7.546733
-16	7.563994
-15	7.589140
-14	7.610713
-13	7.641008
-12	7.655394
-11	7.684187
-10	7.716363
-9	7.746645
-8	7.780779
-7	7.802824
-6	7.839473
-5	7.883645
-4	7.920509
-3	7.939549
-2	7.975959
-1	8.002623
1	8.053576
2	8.080240
3	8.114318
4	8.150260
5	8.183698
6	8.223633
7	8.254895
8	8.285708
9	8.324919
10	8.352634
11	8.377433
12	8.384854
13	8.414724
14	8.474076
15	8.494521
16	8.526235
17	8.556887
18	8.584691
19	8.610817
20	8.641873
21	8.678509
22	8.707245
23	8.733744
24	8.765643
25	8.799120
26	8.821839
27	8.848609
28	8.877673
29	8.916404
30	8.948007
31	8.976595
32	9.005109
33	9.038178
34	9.068968
35	9.101939
36	9.135672
37	9.169959
38	9.196903
39	9.230815
40	9.292619
41	9.329312
42	9.369682
43	9.406095
44	9.431800
45	9.466686
46	9.493449
47	9.513420
48	9.549484
49	9.571256
50	9.620911
51	9.646604
52	9.666368
53	9.711761
54	9.745095
55	9.754437
56	9.788483
57	9.813416
58	9.841493
59	9.878178
60	9.912852
61	9.950188
62	9.966739
63	9.985556
64	10.021980
65	10.041805
66	10.084427
67	10.132969
68	10.141593
69	10.164582
70	10.182148
71	10.203589
72	10.239863
73	10.297495
74	10.317335
75	10.335494
76	10.347375
77	10.378623
78	10.403712
79	10.433422
80	10.456438
81	10.489903
82	10.517064
83	10.540506
84	10.555566
85	10.564383
86	10.583792
87	10.611526
88	10.641085
89	10.667697
90	10.697164
91	10.715945
92	10.720820
93	10.739756
94	10.776528
95	10.807183
96	10.819019
97	10.835627
98	10.862908
99	10.882245
100	10.909898
101	10.940015
102	10.961284
103	10.984017
104	10.995420
105	11.024597
106	11.034711
107	11.038454
108	11.052422
109	11.066777
110	11.078044
111	11.117379
112	11.146067
113	11.152504
114	11.166545
115	11.186445
116	11.200434
117	11.213198
118	11.237197
119	11.263380
120	11.276880
121	11.306830
122	11.319049
123	11.321376
124	11.352313
125	11.371298
126	11.394227
127	11.398963
128	11.412437
129	11.415420
130	11.422079
131	11.439786
132	11.420545
133	11.438136
134	11.467377
135	11.471561
136	11.486759
137	11.476591
138	11.484941
139	11.492322
140	11.499924
141	11.515348
142	11.542495
143	11.560791
144	11.592400
145	11.605998
146	11.611269
147	11.612153
148	11.621742
149	11.604220
150	11.598099
151	11.582795
152	11.569971
153	11.566019
154	11.584515
155	11.597130
156	11.591206
157	11.599804
158	11.617863
159	11.615509
160	11.611154
161	11.615909
162	11.599424
163	11.570258
164	11.561952
165	11.565305
166	11.555448
167	11.556454
168	11.554895
169	11.555740
170	11.544735
171	11.549179
172	11.555185
173	11.577771
174	11.573381
175	11.573488
176	11.564102
177	11.557402
178	11.552031
179	11.556935
180	11.568902
181	11.586386
182	11.583548
183	11.581628
184	11.582189
185	11.587164
186	11.563299
187	11.578402
188	11.573331
189	11.563926
190	11.561500
191	11.559217
192	11.544649
193	11.555717
194	11.558272
195	11.531969
196	11.534686
197	11.529136
198	11.492657
199	11.496850
200	11.480562
201	11.461427
202	11.451408
203	11.470871
204	11.473095
205	11.470571
206	11.441480
207	11.428614
208	11.435430
209	11.409529
210	11.384254
211	11.376545
212	11.370495
213	11.361610
214	11.346048
215	11.321304
216	11.304640
217	11.334334
218	11.331730
219	11.326636
220	11.306568
221	11.311010
222	11.292782
223	11.294751
224	11.297824
225	11.296772
226	11.286424
227	11.281647
228	11.268306
229	11.249297
230	11.239908
231	11.237728
232	11.198390
233	11.187788
234	11.172557
235	11.174472
236	11.158816
237	11.162177
238	11.137223
239	11.139626
240	11.141782
241	11.133101
242	11.122862
243	11.116198
244	11.096088
245	11.074250
246	11.038350
247	11.035646
248	11.031741
249	11.045661
250	11.025066
251	11.027899
252	11.036790
253	10.999220
254	10.988092
255	10.996283
256	11.002211
257	11.008002
258	10.989294
259	10.963172
260	10.947038
261	10.937048
262	10.925613
263	10.911910
264	10.888470
265	10.880389
266	10.851559
267	10.849968
268	10.844087
269	10.827533
270	10.799950
271	10.792523
272	10.775397
273	10.771564
274	10.762984
275	10.757045
276	10.758050
277	10.757916
278	10.746587
279	10.744724
280	10.741128
281	10.736166
282	10.716909
283	10.710863
284	10.702703
285	10.690932
286	10.657853
287	10.653935
288	10.650569
289	10.654270
290	10.661732
291	10.639251
292	10.606778
293	10.588974
294	10.586919
295	10.590134
296	10.578029
297	10.580598
298	10.566373
299	10.576428
300	10.567319
301	10.542212
302	10.547717
303	10.533130
304	10.522900
305	10.515473
306	10.502063
307	10.489326
308	10.481840
309	10.484225
310	10.467340
311	10.461815
312	10.458548
313	10.453441
314	10.427410
315	10.406476
316	10.393019
317	10.372971
318	10.368795
319	10.360451
320	10.351544
321	10.334025
322	10.305532
323	10.301722
324	10.300209
325	10.284638
326	10.283004
327	10.277000
328	10.262613
329	10.245742
330	10.240754
331	10.227196
332	10.217113
333	10.205999
334	10.185312
335	10.176616
336	10.165581
337	10.175106
338	10.155713
339	10.131391
340	10.152295
341	10.133077
342	10.132043
343	10.130737
344	10.141367
345	10.134671
346	10.115757
347	10.095661
348	10.087232
349	10.084066
350	10.074337
351	10.051864
352	10.031946
353	10.021432
354	10.006363
355	10.001051
356	10.005519
357	9.995533
358	9.985810
359	9.971209
360	9.954889
361	9.949229
362	9.951703
363	9.937967
364	9.931615
365	9.925261
366	9.903001
367	9.899037
368	9.912849
369	9.888089
370	9.875826
371	9.860309
372	9.855257
373	9.846110
374	9.832633
375	9.819016
376	9.803309
377	9.796063
378	9.772241
379	9.751884
380	9.725153
381	9.728320
382	9.722064
383	9.702385
384	9.688550
385	9.681056
386	9.666196
387	9.654296
388	9.640944
389	9.625919
390	9.607579
391	9.607990
392	9.602579
393	9.593100
394	9.580616
395	9.565455
396	9.552212
397	9.544272
398	9.535992
399	9.534852
400	9.529043
401	9.530205
402	9.518304
403	9.513050
404	9.500409
405	9.494322
406	9.477801
407	9.458291
408	9.441360
409	9.424146
410	9.416229
411	9.402300
412	9.396017
413	9.378987
414	9.385054
415	9.386346
416	9.369406
417	9.346900
418	9.330746
419	9.302419
420	9.288993
421	9.261619
422	9.247328
423	9.233980
424	9.222679
425	9.216710
426	9.202095
427	9.180291
428	9.160356
429	9.145155
430	9.130086
431	9.112618
432	9.080508
433	9.073685
434	9.060842
435	9.038645
436	9.028020
437	9.043007
438	9.038322
439	9.027328
440	9.018595
441	9.017543
442	8.994517
443	8.994020
444	8.963623
445	8.948752
446	8.925682
447	8.909923
448	8.890383
449	8.876176
450	8.852871
451	8.809499
452	8.787678
453	8.782947
454	8.778430
455	8.773463
456	8.750061
457	8.724456
458	8.723547
459	8.713647
460	8.699357
461	8.679800
462	8.660293
463	8.646769
464	8.632794
465	8.629467
466	8.595394
467	8.585663
468	8.574879
469	8.564140
470	8.544935
471	8.533947
472	8.517693
473	8.498332
474	8.481156
475	8.458846
476	8.444600
477	8.428287
478	8.431659
479	8.407389
480	8.405999
481	8.393575
482	8.371691
483	8.377651
484	8.364522
485	8.358070
486	8.346715
487	8.329275
488	8.305838
489	8.281179
490	8.272110
491	8.268718
492	8.242268
493	8.234416
494	8.219007
495	8.206309
496	8.189373
497	8.167190
498	8.150299
499	8.130930
500	8.118877
501	8.112787
502	8.112499
503	8.114062
504	8.097165
505	8.075232
506	8.058359
507	8.044571
508	8.018945
509	8.015594
510	8.001585
511	7.987978
512	7.998592
513	7.975185
514	7.963640
515	7.940704
516	7.931396
517	7.910592
518	7.901128
519	7.906134
520	7.879625
521	7.857648
522	7.844096
523	7.824041
524	7.803454
525	7.795874
526	7.766475
527	7.768783
528	7.757987
529	7.736823
530	7.738664
531	7.726705
532	7.712589
533	7.705099
534	7.687321
535	7.667568
536	7.654543
537	7.642263
538	7.627220
539	7.619817
540	7.606231
541	7.587720
542	7.570482
543	7.549922
544	7.549679
545	7.548047
546	7.550397
547	7.537904
548	7.529375
549	7.510684
550	7.490442
551	7.470565
552	7.450731
553	7.440990
554	7.423373
555	7.415209
556	7.409763
557	7.393089
558	7.376336
559	7.334606
560	7.318407
561	7.311487
562	7.297880
563	7.265764
564	7.257391
565	7.242479
566	7.228056
567	7.206966
568	7.192259
569	7.186604
570	7.172287
571	7.167422
572	7.147791
573	7.139291
574	7.121480
575	7.104736
576	7.084200
577	7.081244
578	7.071919
579	7.057339
580	7.053999
581	7.028585
582	6.997305
583	6.982074
584	6.971950
585	6.966052
586	6.939792
587	6.930464
588	6.921326
589	6.903802
590	6.888266
591	6.854565
592	6.843058
593	6.832302
594	6.821247
595	6.818340
596	6.811409
597	6.792493
598	6.792190
599	6.777122
600	6.760386
601	6.760275
602	6.746540
603	6.739676
604	6.720667
605	6.708715
606	6.691624
607	6.672742
608	6.660657
609	6.641664
610	6.613851
611	6.604354
612	6.609131
613	6.588337
614	6.579989
615	6.564910
616	6.557976
617	6.539428
618	6.528516
619	6.507917
620	6.490802
621	6.470472
622	6.462568
623	6.458448
624	6.449968
625	6.445404
626	6.432135
627	6.418837
628	6.410697
629	6.390021
630	6.374729
631	6.360293
632	6.344450
633	6.333906
634	6.320379
635	6.300684
636	6.287884
637	6.273272
638	6.264783
639	6.245982
640	6.240625
641	6.223919
642	6.214490
643	6.200978
644	6.193920
645	6.179698
646	6.167985
647	6.165137
648	6.135441
649	6.132534
650	6.123428
651	6.110363
652	6.100020
653	6.096353
654	6.087112
655	6.072331
656	6.065582
657	6.057935
658	6.060443
659	6.045249
660	6.035874
661	6.034053
662	6.032612
663	6.006594
664	5.991200
665	5.975533
666	5.968335
667	5.959311
668	5.950374
669	5.943733
670	5.929222
671	5.912755
672	5.907567
673	5.899953
674	5.899552
675	5.882984
676	5.857585
677	5.840880
678	5.826852
679	5.811112
680	5.809299
681	5.792734
682	5.774539
683	5.756792
684	5.761843
685	5.750819
686	5.733375
687	5.715921
688	5.696710
689	5.674161
690	5.655170
691	5.637790
692	5.626703
693	5.621046
694	5.618831
695	5.597347
696	5.585256
697	5.575903
698	5.569782
699	5.557181
700	5.548493
701	5.553682
702	5.544591
703	5.537440
704	5.521806
705	5.505403
706	5.486472
707	5.469908
708	5.463359
709	5.442008
710	5.431058
711	5.422615
712	5.414966
713	5.417828
714	5.404111
715	5.391451
716	5.390399
717	5.368600
718	5.358267
719	5.335037
720	5.333357
721	5.317746
722	5.299891
723	5.289297
724	5.274889
725	5.273937
726	5.265032
727	5.248731
728	5.235255
729	5.219489
730	5.206364
731	5.199124
732	5.180481
733	5.160675
734	5.146450
735	5.142529
736	5.131406
737	5.116529
738	5.112632
739	5.112063
740	5.099042
741	5.090646
742	5.093781
743	5.075714
744	5.067348
745	5.051321
746	5.044491
747	5.035030
748	5.021989
749	5.010564
750	5.002516
751	4.992081
752	4.983960
753	4.980238
754	4.967396
755	4.959332
756	4.939039
757	4.937147
758	4.927792
759	4.914699
760	4.904620
761	4.889010
762	4.879891
763	4.875393
764	4.878616
765	4.854085
766	4.840911
767	4.838569
768	4.837129
769	4.829791
770	4.824651
771	4.822538
772	4.806966
773	4.789155
774	4.771085
775	4.766298
776	4.760167
777	4.752164
778	4.736620
779	4.721425
780	4.713351
781	4.710533
782	4.700806
783	4.689381
784	4.678165
785	4.672402
786	4.658797
787	4.643198
788	4.634099
789	4.612575
790	4.611262
791	4.605347
792	4.583434
793	4.577222
794	4.564051
795	4.548694
796	4.533907
797	4.527630
798	4.516147
799	4.501767
800	4.478436
801	4.482615
802	4.471693
803	4.462575
804	4.449460
805	4.443614
806	4.434966
807	4.432158
808	4.422105
809	4.420344
810	4.405767
811	4.388698
812	4.389147
813	4.378716
814	4.363373
815	4.354660
816	4.350390
817	4.337708
818	4.335539
819	4.318279
820	4.312811
821	4.289126
822	4.283912
823	4.275462
824	4.266708
825	4.259951
826	4.258489
827	4.251831
828	4.236153
829	4.220739
830	4.214321
831	4.212447
832	4.207056
833	4.190426
834	4.178398
835	4.173792
836	4.169130
837	4.169809
838	4.166842
839	4.160817
840	4.155252
841	4.142725
842	4.132004
843	4.127124
844	4.113470
845	4.114220
846	4.107227
847	4.093595
848	4.087375
849	4.077461
850	4.062033
851	4.056147
852	4.044586
853	4.050322
854	4.044529
855	4.030213
856	4.025517
857	4.019274
858	4.004916
859	3.983263
860	3.973846
861	3.970657
862	3.958535
863	3.956002
864	3.953172
865	3.943114
866	3.937710
867	3.925794
868	3.916837
869	3.902651
870	3.902712
871	3.894884
872	3.887165
873	3.882088
874	3.878308
875	3.874784
876	3.867620
877	3.863813
878	3.851670
879	3.839631
880	3.825079
881	3.816142
882	3.808728
883	3.800558
884	3.796264
885	3.781781
886	3.778227
887	3.773343
888	3.764082
889	3.759501
890	3.755502
891	3.745209
892	3.731463
893	3.726258
894	3.715081
895	3.708568
896	3.710611
897	3.703030
898	3.702429
899	3.690331
900	3.684429
901	3.685406
902	3.669549
903	3.655539
904	3.642797
905	3.629296
906	3.630213
907	3.623752
908	3.618134
909	3.610115
910	3.606154
911	3.599780
912	3.587235
913	3.580733
914	3.574392
915	3.571756
916	3.553317
917	3.547164
918	3.543341
919	3.541784
920	3.532337
921	3.524732
922	3.524241
923	3.514968
924	3.501414
925	3.491316
926	3.482283
927	3.467003
928	3.451345
929	3.452392
930	3.438471
931	3.434793
932	3.427328
933	3.424186
934	3.415993
935	3.412372
936	3.399181
937	3.392832
938	3.387685
939	3.381357
940	3.379937
941	3.369299
942	3.368827
943	3.357379
944	3.351103
945	3.341712
946	3.347379
947	3.335557
948	3.322701
949	3.311232
950	3.312687
951	3.302735
952	3.294969
953	3.295227
954	3.287759
955	3.276260
956	3.273609
957	3.259067
958	3.255774
959	3.245889
960	3.241527
961	3.239522
962	3.228920
963	3.221232
964	3.217821
965	3.213080
966	3.211868
967	3.199460
968	3.189621
969	3.181837
970	3.177160
971	3.169171
972	3.160153
973	3.152237
974	3.148573
975	3.139766
976	3.132290
977	3.118140
978	3.114035
979	3.113753
980	3.110170
981	3.098535
982	3.090728
983	3.082902
984	3.080115
985	3.075586
986	3.070650
987	3.067681
988	3.062834
989	3.060201
990	3.048564
991	3.043259
992	3.038494
993	3.035049
994	3.039082
995	3.034001
996	3.032003
997	3.025902
998	3.023529
999	3.020506
1000	3.021546
1001	3.012548
1002	3.006544
1003	3.000655
1004	2.996425
1005	2.990832
1006	2.982788
1007	2.978578
1008	2.971256
1009	2.969673
1010	2.962997
1011	2.960910
1012	2.950206
1013	2.944137
1014	2.940616
1015	2.929226
1016	2.925252
1017	2.921403
1018	2.917903
1019	2.913439
1020	2.905924
1021	2.893637
1022	2.893791
1023	2.881699
1024	2.875309
1025	2.867028
1026	2.869751
1027	2.857867
1028	2.849015
1029	2.845614
1030	2.844307
1031	2.832114
1032	2.826265
1033	2.819436
1034	2.816502
1035	2.810644
1036	2.807431
1037	2.801667
1038	2.800698
1039	2.805001
1040	2.799233
1041	2.792757
1042	2.786012
1043	2.776251
1044	2.765847
1045	2.766426
1046	2.761769
1047	2.758524
1048	2.757026
1049	2.754793
1050	2.746648
1051	2.748376
1052	2.745328
1053	2.732678
1054	2.730199
1055	2.723079
1056	2.714834
1057	2.707194
1058	2.701808
1059	2.693126
1060	2.689434
1061	2.673870
1062	2.669216
1063	2.663382
1064	2.661909
1065	2.658413
1066	2.652038
1067	2.646434
1068	2.643772
1069	2.638942
1070	2.633010
1071	2.627451
1072	2.627096
1073	2.623571
1074	2.614322
1075	2.609438
1076	2.601398
1077	2.595956
1078	2.588728
1079	2.584621
1080	2.583294
1081	2.576755
1082	2.570147
1083	2.571276
1084	2.567353
1085	2.560448
1086	2.557353
1087	2.552712
1088	2.547621
1089	2.543418
1090	2.542845
1091	2.534834
1092	2.534350
1093	2.527796
1094	2.528603
1095	2.528510
1096	2.524232
1097	2.522699
1098	2.522441
1099	2.523136
1100	2.514455
1101	2.512034
1102	2.505304
1103	2.500635
1104	2.491433
1105	2.484768
1106	2.479847
1107	2.479764
1108	2.476764
1109	2.473271
1110	2.470067
1111	2.465777
1112	2.463865
1113	2.461080
1114	2.453090
1115	2.445811
1116	2.440452
1117	2.439122
1118	2.437202
1119	2.431283
1120	2.429536
1121	2.427018
1122	2.421122
1123	2.415144
1124	2.414357
1125	2.412917
1126	2.406449
1127	2.397428
1128	2.387592
1129	2.377659
1130	2.368615
1131	2.365751
1132	2.362784
1133	2.365323
1134	2.363027
1135	2.360904
1136	2.360204
1137	2.358874
1138	2.358531
1139	2.351186
1140	2.345591
1141	2.347202
1142	2.344405
1143	2.343664
1144	2.342090
1145	2.338479
1146	2.337139
1147	2.332428
1148	2.328818
1149	2.322179
1150	2.324514
1151	2.319391
1152	2.317138
1153	2.311785
1154	2.308169
1155	2.300595
1156	2.295404
1157	2.286591
1158	2.280263
1159	2.278946
1160	2.274894
1161	2.272663
1162	2.271469
1163	2.262635
1164	2.257969
1165	2.257098
1166	2.255732
1167	2.250141
1168	2.249384
1169	2.243490
1170	2.240601
1171	2.233813
1172	2.231074
1173	2.230877
1174	2.229300
1175	2.228737
1176	2.225159
1177	2.220796
1178	2.216772
1179	2.214832
1180	2.210794
1181	2.211449
1182	2.206201
1183	2.199795
1184	2.195266
1185	2.184176
1186	2.178271
1187	2.174828
1188	2.168163
1189	2.160084
1190	2.147554
1191	2.144940
1192	2.139489
1193	2.130767
1194	2.133694
1195	2.133137
1196	2.133033
1197	2.132396
1198	2.127462
1199	2.122537
1200	2.116324
1201	2.113437
1202	2.107652
1203	2.101688
1204	2.095973
1205	2.084912
1206	2.080283
1207	2.080299
1208	2.074629
1209	2.071743
1210	2.069470
1211	2.067048
1212	2.065682
1213	2.059683
1214	2.055515
1215	2.047921
1216	2.042208
1217	2.043207
1218	2.038428
1219	2.034582
1220	2.034812
1221	2.032495
1222	2.024826
1223	2.025706
1224	2.021778
1225	2.014877
1226	2.015370
1227	2.014084
1228	2.008817
1229	2.009785
1230	2.005679
1231	1.997232
1232	1.995598
1233	1.990717
1234	1.987449
1235	1.979878
1236	1.976894
1237	1.973444
1238	1.972005
1239	1.969550
1240	1.968292
1241	1.966356
1242	1.963727
1243	1.960563
1244	1.956434
1245	1.953492
1246	1.950699
1247	1.948275
1248	1.947367
1249	1.944498
1250	1.941916
1251	1.942098
1252	1.942814
1253	1.936228
1254	1.933355
1255	1.930889
1256	1.931168
1257	1.931076
1258	1.928588
1259	1.926203
1260	1.920359
1261	1.920827
1262	1.917582
1263	1.912967
1264	1.914165
1265	1.909103
1266	1.900781
1267	1.897598
1268	1.888537
1269	1.884010
1270	1.879672
1271	1.877891
1272	1.879275
1273	1.869819
1274	1.867172
1275	1.863521
1276	1.857460
1277	1.851067
1278	1.847279
1279	1.844183
1280	1.841655
1281	1.844508
1282	1.843859
1283	1.838901
1284	1.835738
1285	1.834805
1286	1.830193
1287	1.824575
1288	1.829631
1289	1.825933
1290	1.825630
1291	1.824237
1292	1.821838
1293	1.824493
1294	1.819689
1295	1.820991
1296	1.820281
1297	1.814245
1298	1.808736
1299	1.806491
1300	1.806140
1301	1.801164
1302	1.797046
1303	1.794422
1304	1.791553
1305	1.791711
1306	1.788170
1307	1.786329
1308	1.784111
1309	1.786588
1310	1.791075
1311	1.786573
1312	1.783946
1313	1.781555
1314	1.779907
1315	1.776049
1316	1.778288
1317	1.778594
1318	1.778776
1319	1.777607
1320	1.775973
1321	1.776193
1322	1.774976
1323	1.768618
1324	1.764442
1325	1.758328
1326	1.758062
1327	1.757569
1328	1.752131
1329	1.749174
1330	1.748769
1331	1.750774
1332	1.752942
1333	1.753856
1334	1.751698
1335	1.751384
1336	1.750015
1337	1.749867
1338	1.748382
1339	1.742710
1340	1.737896
1341	1.736769
1342	1.732751
1343	1.728435
1344	1.727595
1345	1.724317
1346	1.720880
1347	1.718122
1348	1.709279
1349	1.703042
1350	1.702997
1351	1.708466
1352	1.709283
1353	1.710897
1354	1.706953
1355	1.709246
1356	1.707840
1357	1.704063
1358	1.695548
1359	1.695164
1360	1.691605
1361	1.690535
1362	1.695680
1363	1.699647
1364	1.700421
1365	1.698206
1366	1.694611
1367	1.692019
1368	1.689763
1369	1.688069
1370	1.682614
1371	1.678175
1372	1.677448
1373	1.674730
1374	1.674971
1375	1.667468
1376	1.668482
1377	1.658632
1378	1.656929
1379	1.656173
1380	1.658307
1381	1.657339
1382	1.655760
1383	1.655793
1384	1.652419
1385	1.649041
1386	1.643650
1387	1.646662
1388	1.647336
1389	1.647385
1390	1.647205
1391	1.646420
1392	1.645546
1393	1.642374
1394	1.638119
1395	1.644975
1396	1.641429
1397	1.642669
1398	1.642862
1399	1.634523
1400	1.634764
1401	1.632359
1402	1.631312
1403	1.629746
1404	1.628180
1405	1.627043
1406	1.623708
1407	1.623501
1408	1.622850
1409	1.623703
1410	1.618719
1411	1.617090
1412	1.613152
1413	1.612480
1414	1.609657
1415	1.609523
1416	1.604491
1417	1.599895
1418	1.595095
1419	1.597735
1420	1.595708
1421	1.595712
1422	1.590386
1423	1.590581
1424	1.590901
1425	1.588891
1426	1.589608
1427	1.591676
1428	1.589087
1429	1.590848
1430	1.592055
1431	1.591964
1432	1.591232
1433	1.588696
1434	1.585651
1435	1.580360
1436	1.583561
1437	1.577812
1438	1.576833
1439	1.578233
1440	1.581449
1441	1.582568
1442	1.582442
1443	1.584127
1444	1.575196
1445	1.570603
1446	1.564251
1447	1.561053
1448	1.562185
1449	1.559980
1450	1.558563
1451	1.556198
1452	1.552140
1453	1.550469
1454	1.548683
1455	1.548467
1456	1.544231
1457	1.545255
1458	1.539938
1459	1.540489
1460	1.541917
1461	1.539187
1462	1.546639
1463	1.549178
1464	1.548212
1465	1.548115
1466	1.542399
1467	1.545205
1468	1.542741
1469	1.537489
1470	1.539093
1471	1.544816
1472	1.547405
1473	1.547993
1474	1.542024
1475	1.540410
1476	1.541172
1477	1.537500
1478	1.536578
1479	1.535652
1480	1.531130
1481	1.529167
1482	1.530936
1483	1.531420
1484	1.525212
1485	1.522959
1486	1.520997
1487	1.524707
1488	1.522502
1489	1.522581
1490	1.519845
1491	1.520902
1492	1.523530
1493	1.522953
1494	1.523486
1495	1.521223
1496	1.521979
1497	1.524229
1498	1.518108
1499	1.518245
1500	1.512057
1501	1.510579
1502	1.511039
1503	1.512099
1504	1.509257
1505	1.510859
1506	1.513038
1507	1.512982
1508	1.512007
1509	1.509380
1510	1.508539
1511	1.512333
1512	1.511298
1513	1.510183
1514	1.513979
1515	1.512446
1516	1.510714
1517	1.509987
1518	1.503519
1519	1.499647
1520	1.497815
1521	1.492256
1522	1.491016
1523	1.487616
1524	1.484715
1525	1.481225
1526	1.484507
1527	1.483096
1528	1.484276
1529	1.483961
1530	1.492528
1531	1.490823
1532	1.491395
1533	1.493977
1534	1.491227
1535	1.494454
1536	1.492725
1537	1.494873
1538	1.493625
1539	1.494558
1540	1.492333
1541	1.496177
1542	1.499485
1543	1.500038
1544	1.498618
1545	1.493013
1546	1.489817
1547	1.485872
1548	1.488009
1549	1.487070
1550	1.489133
1551	1.487748
1552	1.483468
1553	1.481963
1554	1.481725
1555	1.482443
1556	1.479428
1557	1.480690
1558	1.478505
1559	1.479280
1560	1.478318
1561	1.479897
1562	1.481252
1563	1.480914
1564	1.479145
1565	1.479558
1566	1.471330
1567	1.471270
1568	1.464761
1569	1.459963
1570	1.460099
1571	1.459546
1572	1.457215
1573	1.458894
1574	1.459259
1575	1.462663
1576	1.462749
1577	1.461295
1578	1.459418
1579	1.460842
1580	1.459917
1581	1.459082
1582	1.465796
1583	1.458459
1584	1.461493
1585	1.463084
1586	1.463543
1587	1.461642
1588	1.459195
1589	1.459325
1590	1.459365
1591	1.458339
1592	1.458213
1593	1.457657
1594	1.453709
1595	1.452060
1596	1.449568
1597	1.450940
1598	1.454035
1599	1.455820
1600	1.454492
1601	1.455700
1602	1.456592
1603	1.455413
1604	1.459238
1605	1.456979
1606	1.457206
1607	1.457950
1608	1.455689
1609	1.453219
1610	1.454881
1611	1.454117
1612	1.455708
1613	1.452114
1614	1.450200
1615	1.453903
1616	1.455479
1617	1.459520
1618	1.453645
1619	1.451616
1620	1.457323
1621	1.460264
1622	1.464331
1623	1.467759
1624	1.466553
1625	1.468726
1626	1.465507
1627	1.464654
1628	1.468961
1629	1.467380
1630	1.467026
1631	1.466658
1632	1.464022
1633	1.461048
1634	1.464153
1635	1.459996
1636	1.458349
1637	1.456702
1638	1.457023
1639	1.458971
1640	1.460391
1641	1.462104
1642	1.458889
1643	1.455178
1644	1.455505
1645	1.451274
1646	1.452459
1647	1.451252
1648	1.452053
1649	1.459475
1650	1.461775
1651	1.466334
1652	1.465769
1653	1.464783
1654	1.460830
1655	1.464533
1656	1.456294
1657	1.456825
1658	1.457124
1659	1.464357
1660	1.464182
1661	1.464334
1662	1.466298
1663	1.469700
1664	1.464439
1665	1.468108
1666	1.464849
1667	1.460810
1668	1.461189
1669	1.461076
1670	1.453257
1671	1.462991
1672	1.467339
1673	1.472469
1674	1.475506
1675	1.471601
1676	1.473865
1677	1.475659
1678	1.475744
1679	1.476426
1680	1.476565
1681	1.473888
1682	1.478704
1683	1.479032
1684	1.475669
1685	1.475502
1686	1.476451
1687	1.473966
1688	1.475540
1689	1.478126
1690	1.476651
1691	1.481618
1692	1.478247
1693	1.477967
1694	1.475293
1695	1.475625
1696	1.473836
1697	1.471383
1698	1.470930
1699	1.458567
1700	1.457092
1701	1.452997
1702	1.449638
1703	1.458214
1704	1.465181
1705	1.465727
1706	1.462254
1707	1.469306
1708	1.469910
1709	1.471347
1710	1.469029
1711	1.468204
1712	1.465833
1713	1.469210
1714	1.473373
1715	1.474621
1716	1.473296
1717	1.469897
1718	1.469354
1719	1.466448
1720	1.464570
1721	1.464662
1722	1.465263
1723	1.467977
1724	1.468606
1725	1.466685
1726	1.468751
1727	1.469020
1728	1.470300
1729	1.476855
1730	1.475822
1731	1.475357
1732	1.474322
1733	1.473284
1734	1.472654
1735	1.472536
1736	1.472025
1737	1.473526
1738	1.470187
1739	1.468540
1740	1.466985
1741	1.470175
1742	1.467678
1743	1.467190
1744	1.464052
1745	1.459889
1746	1.458736
1747	1.456991
1748	1.460771
1749	1.464777
1750	1.468583
1751	1.469127
1752	1.464750
1753	1.460720
1754	1.459446
1755	1.456656
1756	1.457208
1757	1.458301
1758	1.450251
1759	1.448425
1760	1.447515
1761	1.444994
1762	1.441917
1763	1.437492
1764	1.434982
1765	1.432865
1766	1.430407
1767	1.430439
1768	1.433322
1769	1.434285
1770	1.436199
1771	1.435942
1772	1.433368
1773	1.430428
1774	1.432501
1775	1.430789
1776	1.427397
1777	1.427640
1778	1.423281
1779	1.420109
1780	1.420993
1781	1.420757
1782	1.420620
1783	1.413328
1784	1.410684
1785	1.414970
1786	1.413307
1787	1.410397
1788	1.416140
1789	1.416663
1790	1.412896
1791	1.410809
1792	1.411417
1793	1.410830
1794	1.410618
1795	1.408624
1796	1.409526
1797	1.406506
1798	1.404175
1799	1.405318
1800	1.401028
1801	1.396621
1802	1.396904
1803	1.395537
1804	1.393059
1805	1.393971
1806	1.391519
1807	1.389648
1808	1.387391
1809	1.387131
1810	1.381854
1811	1.379594
1812	1.381275
1813	1.384218
1814	1.385163
1815	1.381504
1816	1.383002
1817	1.382608
1818	1.383572
1819	1.383696
1820	1.382839
1821	1.383135
1822	1.380845
1823	1.384962
1824	1.387014
1825	1.378910
1826	1.376278
1827	1.372746
1828	1.372309
1829	1.370539
1830	1.370591
1831	1.368175
1832	1.363448
1833	1.362451
1834	1.361888
1835	1.360759
1836	1.363314
1837	1.364392
1838	1.366492
1839	1.363591
1840	1.367967
1841	1.367091
1842	1.367257
1843	1.365527
1844	1.365259
1845	1.370122
1846	1.363189
1847	1.359843
1848	1.358866
1849	1.359593
1850	1.357642
1851	1.358561
1852	1.357963
1853	1.356794
1854	1.356220
1855	1.355737
1856	1.362840
1857	1.365034
1858	1.361750
1859	1.361320
1860	1.358952
1861	1.363359
1862	1.362135
1863	1.362521
1864	1.362610
1865	1.368037
1866	1.369300
1867	1.368404
1868	1.366038
1869	1.362948
1870	1.364665
1871	1.362908
1872	1.361205
1873	1.360090
1874	1.356661
1875	1.359606
1876	1.355719
1877	1.356587
1878	1.356855
1879	1.353459
1880	1.352594
1881	1.349149
1882	1.346152
1883	1.344056
1884	1.349039
1885	1.347324
1886	1.348801
1887	1.344613
1888	1.348754
1889	1.349497
1890	1.348457
1891	1.346389
1892	1.346876
1893	1.346056
1894	1.346691
1895	1.345775
1896	1.345514
1897	1.345587
1898	1.343255
1899	1.345105
1900	1.345383
1901	1.346244
1902	1.345443
1903	1.342850
1904	1.346212
1905	1.346999
1906	1.348349
1907	1.347652
1908	1.346132
1909	1.342585
1910	1.343094
1911	1.341350
1912	1.338241
1913	1.333441
1914	1.333150
1915	1.332625
1916	1.331999
1917	1.332951
1918	1.330103
1919	1.327079
1920	1.323555
1921	1.323476
1922	1.323519
1923	1.322622
1924	1.324674
1925	1.322605
1926	1.318058
1927	1.315038
1928	1.317037
1929	1.315186
1930	1.310078
1931	1.309120
1932	1.307089
1933	1.302812
1934	1.295100
1935	1.291751
1936	1.288065
1937	1.279929
1938	1.278913
1939	1.278039
1940	1.277831
1941	1.278053
1942	1.275179
1943	1.272993
1944	1.274478
1945	1.275007
1946	1.274594
1947	1.273734
1948	1.271479
1949	1.270521
1950	1.269702
1951	1.266137
1952	1.262948
1953	1.256843
1954	1.254275
1955	1.252610
1956	1.251477
1957	1.254460
1958	1.254110
1959	1.253837
1960	1.254825
1961	1.258887
1962	1.259421
1963	1.269164
1964	1.270429
1965	1.272541
1966	1.269048
1967	1.268337
1968	1.269469
1969	1.269998
1970	1.270139
1971	1.269636
1972	1.267992
1973	1.264075
1974	1.261612
1975	1.258589
1976	1.259086
1977	1.259438
1978	1.259597
1979	1.258091
1980	1.259325
1981	1.256666
1982	1.256672
1983	1.256670
1984	1.258748
1985	1.255862
1986	1.251728
1987	1.254336
1988	1.257238
1989	1.258161
1990	1.256678
1991	1.258269
1992	1.257899
1993	1.258059
1994	1.256096
1995	1.256307
1996	1.262702
1997	1.262196
1998	1.259783
1999	1.258574
2000	1.263065
